tweetID,TimeStamp,Text,Sentiment,Emphasis
,,,,
,2019-07-30 23:27,,-0.400000006,6.300000191
,,,,
,2017-11-22 11:45,,0.100000001,2
,,,,
,2019-07-22 17:28,,-0.5,3.400000095
,,,,
,2015-04-14 22:46,,-0.200000003,13.30000019
,,,,
,2019-03-06 4:48,,-0.100000001,2.099999905
,,,,
,2016-08-16 12:55,,-0.200000003,18.39999962
,,,,
,2015-06-20 20:35,,0.300000012,3.900000095
,,,,
,2018-10-16 2:38,,0,0
,,,,
,2018-08-15 3:01,,-0.300000012,5.800000191
,,,,
,2016-12-23 7:26,,-0.100000001,58.29999924
,,,,
,2019-01-26 9:37,,0,0
,,,,
,2018-07-05 20:27,,-0.400000006,3.900000095
,,,,
,2019-09-03 3:48,,-0.400000006,4.599999905
,,,,
,2017-07-25 18:25,,0.200000003,1
,,,,
,2018-11-06 18:46,,-0.5,1.5
,,,,
,2018-09-11 22:13,,0,0.300000012
,,,,
,2019-02-05 1:28,,0.699999988,0.699999988
,,,,
,2017-04-27 14:14,,-0.699999988,0.699999988
,,,,
,2018-06-06 23:22,,0.100000001,0.300000012
,,,,
,2016-09-04 20:35,,0,0.300000012
,,,,
,2016-08-08 16:48,,0,2.099999905
,,,,
,2017-04-03 4:33,,0.600000024,1.200000048
,,,,
,2015-01-30 22:09,,-0.699999988,0.699999988
,,,,
,2019-07-11 6:54,,0.300000012,2.400000095
,,,,
,2019-07-30 15:35,,-0.300000012,3.299999952
,,,,
,2018-10-24 7:23,,-0.100000001,1
,,,,
,2019-06-19 3:26,,-0.300000012,3.599999905
,,,,
,2018-05-14 2:00,,0,2.400000095
,,,,
,2017-12-28 15:10,,0.100000001,0.100000001
,,,,
,2019-04-21 20:40,,-0.100000001,6.099999905
,,,,
,2017-12-27 4:15,,-0.200000003,1.200000048
,,,,
,2015-08-13 20:16,,0,0.300000012
,,,,
,2017-10-19 19:29,,0,3.599999905
,,,,
,2017-11-03 20:16,,0.100000001,1
,,,,
,2017-07-24 7:15,,0,1.200000048
,,,,
,2017-06-26 4:37,,0.200000003,2.099999905
,,,,
,2019-06-14 4:16,,0,0.600000024
,,,,
,2016-08-04 20:23,,-0.100000001,0.200000003
,,,,
,2017-04-15 1:23,,-0.100000001,0.800000012
,,,,
,2018-09-18 19:26,,0,0.5
,,,,
,2018-11-24 1:15,,-0.100000001,2.799999952
,,,,
,2016-01-09 15:38,,0,2
,,,,
,2018-05-22 5:10,,-0.200000003,0.699999988
,,,,
,2018-04-30 3:56,,-0.200000003,4
,,,,
,2019-06-15 22:37,,-0.200000003,2.200000048
,,,,
,2019-04-12 18:58,,0,0
,,,,
,2019-05-16 9:14,,-0.100000001,2.099999905
,,,,
,2017-05-05 5:44,,-0.5,0.5
,,,,
,2016-07-15 4:09,,0,0
,,,,
,2015-01-08 4:15,,-0.100000001,0.100000001
,,,,
,2019-01-28 20:52,,0,0
,,,,
,2019-04-09 3:08,,0,2.299999952
,,,,
,2015-08-02 4:44,,-0.600000024,0.600000024
,,,,
,2018-12-24 1:01,,-0.200000003,2.599999905
,,,,
,2017-04-22 4:06,,-0.200000003,0.800000012
,,,,
,2019-05-24 18:53,,0,3.400000095
,,,,
,2017-07-09 4:21,,-0.200000003,0.600000024
,,,,
,2016-02-19 19:11,,-0.100000001,1.799999952
,,,,
,2017-08-19 15:44,,0,0.100000001
,,,,
,2016-01-28 23:58,,-0.200000003,20.39999962
,,,,
,2015-04-03 4:50,,0.200000003,0.200000003
,,,,
,2017-11-02 19:26,,0,9.899999619
,,,,
,2019-07-17 19:27,,-0.400000006,7.400000095
,,,,
,2017-04-12 17:18,,-0.100000001,3.900000095
,,,,
,2014-06-30 17:15,,-0.100000001,5.300000191
,,,,
,2014-08-22 0:52,,0,0
,,,,
,2015-09-09 7:04,,0,0.400000006
,,,,
,2017-05-08 5:36,,-0.899999976,0.899999976
,,,,
,2016-07-06 19:32,,-0.800000012,0.800000012
,,,,
,2019-09-15 5:09,,0,1
,,,,
,2014-04-26 20:09,,0.100000001,1.100000024
,,,,
,2017-07-28 11:09,,0,0
,,,,
,2014-11-23 3:20,,-0.200000003,2
,,,,
,2018-11-25 19:13,,-0.100000001,0.800000012
,,,,
,2016-01-24 22:49,,-0.300000012,16
,,,,
,2017-06-05 6:16,,-0.100000001,2.799999952
,,,,
,2019-04-20 3:52,,0.400000006,0.400000006
,,,,
,2019-07-14 1:46,,0,0
,,,,
,2018-01-30 6:21,,-0.200000003,0.5
,,,,
,2016-04-08 20:08,,0,0.400000006
,,,,
,2019-05-23 0:43,,0,1.299999952
,,,,
,2019-10-20 17:55,,0,0.699999988
,,,,
,2015-02-17 2:24,,0.300000012,1.299999952
,,,,
,2017-07-25 17:20,,0,2.799999952
,,,,
,2019-03-15 4:35,,-0.100000001,2.799999952
,,,,
,2019-01-06 2:20,,-0.100000001,12.5
,,,,
,2019-01-05 22:23,,0.400000006,3.200000048
,,,,
,2018-05-16 20:46,,-0.200000003,0.200000003
,,,,
,2019-08-03 7:46,,0.300000012,0.600000024
,,,,
,2015-02-20 15:45,,0,0
,,,,
,2018-08-31 1:59,,0,0.800000012
,,,,
,2017-05-03 4:40,,-0.5,0.5
,,,,
,2015-03-17 18:04,,-0.5,0.5
,,,,
,2015-12-11 1:23,,0.899999976,0.899999976
,,,,
,2014-06-11 17:09,,-0.300000012,0.699999988
,,,,
,2013-12-04 0:34,,0,0
,,,,
,2017-06-20 7:16,,-0.200000003,1.5
,,,,
,2018-10-19 10:03,,0,1.299999952
,,,,
,2013-10-12 8:11,,-0.5,0.5
,,,,
,2014-07-07 22:40,,0.100000001,0.100000001
,,,,
,2018-06-14 18:18,,0,0
,,,,
,2014-08-17 19:34,,0.200000003,0.200000003
,,,,
,2018-11-01 9:05,,0.100000001,0.100000001
,,,,
,2015-03-05 23:27,,-0.400000006,0.400000006
,,,,
,2014-02-12 2:47,,-0.100000001,0.100000001
,,,,
,2014-09-30 18:57,,-0.200000003,1
,,,,
,2019-09-27 5:13,,0,0
,,,,
,2016-07-10 14:42,,0.200000003,0.200000003
,,,,
,2014-09-02 20:30,,-0.300000012,0.300000012
,,,,
,2019-06-21 3:24,,0,0
,,,,
,2016-08-08 15:57,,-0.100000001,0.100000001
,,,,
,2018-04-05 22:24,,-0.699999988,0.699999988
,,,,
,2015-11-08 2:32,,0.300000012,0.300000012
,,,,
,2016-12-13 21:55,,-0.100000001,0.800000012
,,,,
,2016-10-10 23:45,,0.200000003,4
,,,,
,2018-01-03 19:15,,0,0
,,,,
,2016-05-23 8:47,,0,0
,,,,
,2016-04-28 14:30,,-0.100000001,0.100000001
,,,,
,2019-03-23 0:07,,0.400000006,0.899999976
,,,,
,2019-05-03 21:44,,0.600000024,0.600000024
,,,,
,2018-09-14 16:01,,-0.100000001,0.100000001
,,,,
,2018-11-23 15:22,,0.5,0.5
,,,,
,2019-05-10 7:09,,0,0
,,,,
,2015-03-05 19:21,,0,0
,,,,
,2017-10-17 2:44,,0,3.5
,,,,
,2015-11-19 17:53,,-0.200000003,0.200000003
,,,,
,2016-02-11 18:33,,0,0
,,,,
,2016-11-21 17:39,,0,0
,,,,
,2016-06-26 16:45,,0,0
,,,,
,2014-09-15 16:44,,0,0
,,,,
,2017-02-23 2:02,,0.300000012,0.300000012
,,,,
,2016-12-26 11:32,,0.200000003,0.200000003
,,,,
,2017-05-29 4:13,,0.800000012,0.800000012
,,,,
,2017-12-24 17:36,,0,0
,,,,
,2017-02-08 19:26,,0.400000006,0.899999976
,,,,
,2016-08-08 12:58,,-0.100000001,0.100000001
,,,,
,2014-07-27 0:16,,0.200000003,0.200000003
,,,,
,2019-08-18 22:24,,0,0
,,,,
,2015-08-20 15:28,,-0.300000012,0.300000012
,,,,
,2017-03-04 2:53,,0.400000006,0.400000006
,,,,
,2016-07-08 22:55,,-0.200000003,0.200000003
,,,,
,2015-05-24 3:50,,0,0
,,,,
,2015-05-27 19:04,,-0.600000024,0.600000024
,,,,
,2019-05-10 1:28,,0.300000012,0.899999976
,,,,
,2015-07-01 2:14,,-0.899999976,0.899999976
,,,,
,2013-10-01 16:14,,0,0
,,,,
,2018-05-18 19:51,,0.300000012,0.699999988
,,,,
,2018-08-16 19:04,,-0.100000001,0.100000001
,,,,
,2016-12-11 23:14,,-0.100000001,0.100000001
,,,,
,2019-01-22 12:41,,0.100000001,0.100000001
,,,,
,2016-01-29 23:52,,0,0
,,,,
,2017-09-06 21:37,,-0.300000012,0.300000012
,,,,
,2017-12-13 22:01,,-0.100000001,0.100000001
,,,,
,2016-07-25 15:17,,0,0
,,,,
,2014-04-24 22:15,,0.300000012,0.600000024
,,,,
,2013-06-30 21:56,,0.800000012,2.5
,,,,
,2018-04-11 19:21,,0,0.100000001
,,,,
,2017-08-06 12:09,,0,0
,,,,
,2013-06-01 14:30,,0,0
,,,,
,2017-10-30 22:08,,0,0
,,,,
,2015-08-25 3:59,,0.400000006,2.5
,,,,
,2019-03-12 11:19,,0.100000001,0.300000012
,,,,
,2013-04-05 16:57,,-0.100000001,0.300000012
,,,,
,2019-10-20 18:16,,0,0
,,,,
,2016-07-24 7:57,,0,0
,,,,
,2019-03-01 21:33,,0.699999988,0.699999988
,,,,
,2017-09-02 2:18,,-0.200000003,0.400000006
,,,,
,2018-10-08 17:55,,0,0
,,,,
,2019-03-23 11:47,,0,0
,,,,
,2017-06-13 20:56,,0.400000006,0.400000006
,,,,
,2014-09-15 7:18,,0,0
,,,,
,2014-03-13 7:41,,0,0
,,,,
,2014-06-11 23:35,,0,0
,,,,
,2017-08-04 20:06,,0,0
,,,,
,2017-09-09 0:24,,0.200000003,0.200000003
,,,,
,2017-03-09 0:18,,0.400000006,0.400000006
,,,,
,2018-05-07 4:01,,0,0
,,,,
,2012-12-21 22:46,,-0.5,0.5
,,,,
,2018-01-19 18:52,,-0.300000012,0.300000012
,,,,
,2019-05-24 17:41,,0,0
,,,,
,2017-08-13 0:46,,0,0
,,,,
,2017-08-09 2:04,,0.300000012,0.300000012
,,,,
,2017-02-13 5:06,,-0.100000001,0.100000001
,,,,
,2017-06-21 0:22,,0.100000001,0.200000003
,,,,
,2016-09-05 22:41,,0.100000001,4.199999809
,,,,
,2019-06-26 1:49,,-0.100000001,0.100000001
,,,,
,2016-01-15 4:26,,0.100000001,0.200000003
,,,,
,2015-09-01 7:09,,0.800000012,0.800000012
,,,,
,2018-08-19 18:23,,0,0
,,,,
,2015-01-20 6:19,,0,0
,,,,
,2016-07-02 1:16,,0,0
,,,,
,2018-02-27 2:56,,-0.400000006,0.400000006
,,,,
,2019-08-16 23:49,,0.400000006,0.899999976
,,,,
,2015-03-06 5:47,,0,0
,,,,
,2015-11-03 3:02,,0,0.100000001
,,,,
,2017-09-27 21:26,,-0.200000003,0.200000003
,,,,
,2018-06-05 22:53,,0,0
,,,,
,2013-01-15 23:13,,0,0
,,,,
,2019-08-27 12:40,,0,0
,,,,
,2018-12-23 13:43,,0.200000003,0.200000003
,,,,
,2019-03-13 8:31,,0,0
,,,,
,2016-02-09 1:26,,0,0
,,,,
,2019-09-02 9:53,,0,5.699999809
,,,,
,2016-04-15 15:51,,0,0
,,,,
,2019-04-15 11:06,,0,0
,,,,
,2019-06-01 5:46,,0.5,5.599999905
,,,,
,2015-11-28 0:47,,-0.100000001,0.100000001
,,,,
,2016-03-11 8:39,,0,0.100000001
,,,,
,2013-08-23 3:31,,-0.100000001,0.100000001
,,,,
,2015-01-30 18:19,,-0.100000001,0.100000001
,,,,
,2019-02-07 23:24,,0,0
,,,,
,2016-12-28 6:21,,0,0
,,,,
,2014-06-02 19:25,,0.200000003,0.5
,,,,
,2015-12-06 9:58,,0,0
,,,,
,2016-12-22 0:15,,-0.800000012,0.800000012
,,,,
,2016-05-19 4:25,,0,2.700000048
,,,,
,2017-01-09 2:51,,0,0
,,,,
,2019-09-26 5:34,,-0.5,0.5
,,,,
,2019-10-11 6:49,,0,0
,,,,
,2017-11-27 14:16,,0.100000001,0.300000012
,,,,
,2014-04-18 11:43,,0,0
,,,,
,2019-01-29 21:18,,-0.200000003,3.099999905
,,,,
,2014-07-28 3:24,,-0.200000003,0.200000003
,,,,
,2013-07-02 7:05,,-0.200000003,2.099999905
,,,,
,2017-08-13 20:12,,0,0
,,,,
,2013-11-17 2:02,,-0.100000001,0.100000001
,,,,
,2012-04-20 18:00,,0,0
,,,,
,2012-01-07 1:15,,-0.100000001,0.699999988
,,,,
,2012-01-22 20:36,,0,8.399999619
,,,,
,2015-03-17 18:06,,-0.5,0.5
,,,,
,2018-02-11 19:01,,-0.200000003,0.800000012
,,,,
,2017-07-31 21:49,,0,0
,,,,
,2018-09-14 17:36,,-0.300000012,2.900000095
,,,,
,2013-08-08 3:56,,0,2.400000095
,,,,
,2017-02-27 22:59,,0.100000001,0.100000001
,,,,
,2015-12-07 1:59,,0.899999976,0.899999976
,,,,
,2014-07-28 11:26,,0,0
,,,,
,2014-11-20 8:42,,-0.200000003,0.200000003
,,,,
,2017-09-23 23:43,,0,0
,,,,
,2013-09-27 12:48,,0,0
,,,,
,2017-11-02 4:03,,0.800000012,0.800000012
,,,,
,2018-01-04 6:55,,0,0
,,,,
,2017-12-14 20:22,,0,0
,,,,
,2013-04-03 19:25,,-0.200000003,0.200000003
,,,,
,2018-08-04 23:05,,0.400000006,0.400000006
,,,,
,2017-07-23 3:35,,-0.400000006,0.400000006
,,,,
,2018-06-25 7:50,,0,0
,,,,
,2014-07-31 20:21,,0,0
,,,,
,2017-10-21 19:20,,0.100000001,0.100000001
,,,,
,2018-01-03 22:56,,0,0
,,,,
,2015-07-26 5:29,,0,0
,,,,
,2018-03-01 3:38,,-0.100000001,0.899999976
,,,,
,2015-03-30 18:04,,0.300000012,0.300000012
,,,,
,2018-06-08 21:11,,0,0
,,,,
,2018-01-05 3:44,,0,0
,,,,
,2014-06-20 17:05,,0,0
,,,,
,2017-11-10 20:00,,0,0
,,,,
,2017-06-26 22:14,,0,1.299999952
,,,,
,2012-11-27 15:55,,-0.800000012,0.800000012
,,,,
,2016-12-16 5:23,,0,0
,,,,
,2018-08-12 20:17,,-0.100000001,0.100000001
,,,,
,2014-06-16 23:33,,-0.600000024,0.600000024
,,,,
,2019-09-19 17:04,,0,0
,,,,
,2016-09-07 2:14,,0,0
,,,,
,2017-01-30 3:50,,-0.200000003,0.200000003
,,,,
,2017-11-24 0:07,,0,0
,,,,
,2017-08-02 21:42,,0,0
,,,,
,2017-07-26 19:55,,0,0.100000001
,,,,
,2016-01-31 22:07,,-0.100000001,0.100000001
,,,,
,2014-08-02 20:10,,0,0
,,,,
,2018-11-05 19:55,,0,0
,,,,
,2014-06-25 8:18,,0,0
,,,,
,2018-11-06 4:40,,0,1.600000024
,,,,
,2019-03-21 10:17,,0,0
,,,,
,2017-08-12 20:33,,0,0.200000003
,,,,
,2019-07-11 1:37,,-0.200000003,3.299999952
,,,,
,2018-10-31 1:38,,0.100000001,0.200000003
,,,,
,2016-12-22 3:30,,-0.200000003,1.5
,,,,
,2016-08-10 14:42,,-0.100000001,0.100000001
,,,,
,2017-09-29 8:54,,0.100000001,1.5
,,,,
,2016-04-29 15:29,,0,0
,,,,
,2017-05-24 2:35,,0.400000006,0.400000006
,,,,
,2017-12-09 2:58,,-0.600000024,0.600000024
,,,,
,2017-10-20 21:36,,-0.699999988,0.699999988
,,,,
,2019-03-19 18:08,,0,0
,,,,
,2015-12-27 6:33,,0,1.700000048
,,,,
,2016-02-16 8:33,,-0.100000001,0.100000001
,,,,
,2011-06-20 20:18,,0,0
,,,,
,2018-07-10 1:00,,0,0
,,,,
,2017-12-01 18:51,,0.400000006,1
,,,,
,2017-05-10 8:26,,-0.300000012,0.300000012
,,,,
,2016-10-15 3:29,,0,0
,,,,
,2016-01-15 6:50,,0.400000006,3.900000095
,,,,
,2014-09-21 20:36,,-0.100000001,0.899999976
,,,,
,2018-08-04 2:37,,0.699999988,1.5
,,,,
,2011-03-20 19:28,,0,0
,,,,
,2016-08-28 6:48,,0,1.700000048
,,,,
,2014-01-08 1:53,,-0.699999988,0.699999988
,,,,
,2019-04-19 3:54,,0,0
,,,,
,2017-01-04 3:56,,0,0.100000001
,,,,
,2017-08-19 20:31,,-0.5,0.5
,,,,
,2011-07-17 7:14,,0,0
,,,,
,2017-03-21 0:51,,0.200000003,0.600000024
,,,,
,2019-07-18 19:30,,0,0
,,,,
,2019-02-18 2:25,,0.100000001,1
,,,,
,2017-01-12 8:20,,0,0
,,,,
,2019-02-11 2:53,,-0.5,0.5
,,,,
,2019-07-28 20:25,,-0.300000012,1.399999976
,,,,
,2015-10-11 2:09,,0,0
,,,,
,2012-06-12 21:55,,0.400000006,0.400000006
,,,,
,2015-07-22 15:21,,0,0.100000001
,,,,
,2016-02-02 12:39,,0,0
,,,,
,2019-04-27 21:19,,-0.400000006,0.400000006
,,,,
,2017-09-07 7:21,,0,0
,,,,
,2017-04-12 19:01,,0,0
,,,,
,2014-02-12 2:28,,0,0
,,,,
,2018-09-10 3:01,,0,0.300000012
,,,,
,2011-12-14 19:41,,0,0
,,,,
,2017-03-20 2:21,,-0.200000003,0.699999988
,,,,
,2016-05-10 16:12,,0.100000001,0.100000001
,,,,
,2014-01-07 16:38,,0.200000003,0.200000003
,,,,
,2013-12-05 18:12,,-0.800000012,0.800000012
,,,,
,2014-03-17 17:40,,0,0
,,,,
,2017-03-13 16:40,,0,1.899999976
,,,,
,2019-06-25 23:26,,0,0.100000001
,,,,
,2017-05-16 22:57,,0.100000001,0.200000003
,,,,
,2010-12-17 18:15,,0.400000006,1.200000048
,,,,
,2017-09-29 4:20,,0.100000001,0.100000001
,,,,
,2015-09-26 6:06,,0,1.899999976
,,,,
,2018-11-03 15:17,,0,0.100000001
,,,,
,2014-05-10 0:49,,0.200000003,10.30000019
,,,,
,2017-12-21 4:20,,0,0
,,,,
,2015-01-25 20:59,,-0.100000001,0.100000001
,,,,
,2016-02-14 20:42,,0.200000003,0.200000003
,,,,
,2016-03-08 4:29,,0,0
,,,,
,2013-09-26 4:10,,0.400000006,0.899999976
,,,,
,2019-05-01 2:04,,0,0.100000001
,,,,
,2018-04-18 7:26,,-0.200000003,2.599999905
,,,,
,2015-09-23 8:28,,0,0
,,,,
,2015-08-10 18:27,,-0.200000003,0.200000003
,,,,
,2014-02-27 9:47,,0.100000001,0.300000012
,,,,
,2019-02-22 17:41,,0,0
,,,,
,2015-05-30 12:32,,0.400000006,0.800000012
,,,,
,2019-10-20 3:38,,0,1.100000024
,,,,
,2019-01-12 22:39,,0,0
,,,,
,2017-08-06 3:01,,0.5,1.100000024
,,,,
,2016-05-29 6:24,,0,0.899999976
,,,,
,2018-12-28 17:39,,0.100000001,0.100000001
,,,,
,2017-12-18 3:10,,0,0
,,,,
,2017-07-17 0:02,,0,0.300000012
,,,,
,2018-06-21 1:49,,-0.300000012,0.300000012
,,,,
,2017-02-21 2:18,,0.100000001,0.200000003
,,,,
,2018-04-19 6:07,,0,0
,,,,
,2017-08-30 19:50,,-0.200000003,0.200000003
,,,,
,2015-08-03 4:49,,0,7.199999809
,,,,
,2016-08-01 3:58,,0,0
,,,,
,2019-05-17 0:29,,0,0
,,,,
,2014-07-05 7:52,,0.899999976,0.899999976
,,,,
,2016-12-20 5:22,,0,0.200000003
,,,,
,2019-08-17 20:59,,0.100000001,7
,,,,
,2018-08-08 18:30,,-0.100000001,33.79999924
,,,,
,2019-04-05 21:32,,0,0.200000003
,,,,
,2019-03-24 4:59,,0,2.099999905
,,,,
,2018-07-25 7:44,,0.300000012,1
,,,,
,2018-09-08 22:39,,0,1.100000024
,,,,
,2016-06-16 23:32,,0.100000001,23.29999924
,,,,
,2019-03-28 0:02,,0,29.70000076
,,,,
,2017-12-09 17:38,,0.100000001,1.100000024
,,,,
,2019-02-10 0:46,,0,99.90000153
,,,,
,2019-10-11 20:17,,0.400000006,4.5
,,,,
,2019-07-24 22:12,,0.100000001,7.900000095
,,,,
,2018-05-15 22:46,,0,7.699999809
,,,,
,2018-11-05 17:31,,0.200000003,3.400000095
,,,,
,2019-01-16 21:40,,0,3.5
,,,,
,2018-10-24 21:24,,0,2.900000095
,,,,
,2019-02-06 23:33,,0.200000003,3.5
,,,,
,2017-03-29 0:48,,0.200000003,6.099999905
,,,,
,2017-03-24 2:02,,0,6.300000191
,,,,
,2016-03-10 16:03,,0,27.79999924
,,,,
,2019-06-25 1:26,,0,14.60000038
,,,,
,2019-08-27 2:13,,0.100000001,2.599999905
,,,,
,2018-12-19 17:46,,0,1.600000024
,,,,
,2018-12-31 6:23,,0.200000003,4.5
,,,,
,2018-09-26 15:38,,0.100000001,3.799999952
,,,,
,2017-02-27 8:41,,0,2.299999952
,,,,
,2018-02-25 2:59,,0.100000001,10.89999962
,,,,
,2018-02-07 18:21,,-0.400000006,1.200000048
,,,,
,2019-02-07 20:46,,0.100000001,2.299999952
,,,,
,2018-08-20 14:36,,0.200000003,1.100000024
,,,,
,2018-02-23 20:37,,-0.200000003,2.200000048
,,,,
,2018-05-23 21:19,,0.200000003,0.899999976
,,,,
,2018-09-06 15:35,,0.100000001,0.5
,,,,
,2017-07-08 10:22,,0.5,3.5
,,,,
,2018-08-31 20:51,,0.100000001,2.700000048
,,,,
,2018-10-16 12:04,,-0.100000001,6.400000095
,,,,
,2016-05-28 21:58,,0,5.300000191
,,,,
,2017-08-14 5:23,,-0.200000003,1.700000048
,,,,
,2016-03-18 18:56,,0.200000003,22.89999962
,,,,
,2019-05-16 14:48,,0,33.59999847
,,,,
,2019-04-03 0:50,,0.400000006,4.599999905
,,,,
,2019-07-20 9:05,,0,2.400000095
,,,,
,2018-11-18 1:21,,0.100000001,2
,,,,
,2019-07-29 19:30,,0.100000001,6.699999809
,,,,
,2019-05-06 23:39,,0.100000001,4.099999905
,,,,
,2017-02-08 4:48,,0.200000003,3.400000095
,,,,
,2017-05-10 21:45,,0,1.799999952
,,,,
,2017-02-28 6:27,,0,2
,,,,
,2017-09-14 16:41,,0.100000001,2.799999952
,,,,
,2019-05-16 17:42,,0,3
,,,,
,2017-06-13 17:52,,0.300000012,1.200000048
,,,,
,2017-04-10 6:51,,0.300000012,76
,,,,
,2017-07-18 20:43,,0,3.200000048
,,,,
,2018-07-26 17:35,,0.200000003,1.700000048
,,,,
,2016-10-25 6:22,,0,2.400000095
,,,,
,2018-08-02 19:12,,0.300000012,29.89999962
,,,,
,2018-02-12 17:22,,-0.100000001,1.299999952
,,,,
,2018-07-15 22:39,,0.200000003,3.099999905
,,,,
,2017-11-10 21:08,,0,4.300000191
,,,,
,2019-04-18 16:42,,0.100000001,4.599999905
,,,,
,2018-03-28 20:24,,0.100000001,1.899999976
,,,,
,2018-02-12 22:26,,0.200000003,2.799999952
,,,,
,2016-09-02 23:18,,0.200000003,4.5
,,,,
,2019-05-28 0:28,,-0.100000001,4.900000095
,,,,
,2018-05-07 22:15,,0.300000012,5.099999905
,,,,
,2016-10-06 13:29,,-0.600000024,2.400000095
,,,,
,2019-09-24 0:44,,0.100000001,2.400000095
,,,,
,2018-04-21 7:53,,0.100000001,31.79999924
,,,,
,2018-09-04 19:27,,-0.300000012,1.899999976
,,,,
,2019-01-04 19:48,,-0.100000001,0.200000003
,,,,
,2018-04-05 6:03,,0,33.90000153
,,,,
,2018-12-17 17:54,,0.200000003,3.099999905
,,,,
,2017-11-11 21:32,,0.100000001,2.400000095
,,,,
,2019-09-22 1:01,,0,0.5
,,,,
,2018-09-16 16:38,,0,4.300000191
,,,,
,2018-11-22 5:03,,0,21.5
,,,,
,2019-09-27 3:22,,0,1.200000048
,,,,
,2019-02-25 22:28,,0,2.200000048
,,,,
,2019-10-06 15:56,,0,0.400000006
,,,,
,2017-03-01 2:09,,0,2.400000095
,,,,
,2016-10-04 0:08,,0.300000012,2.799999952
,,,,
,2018-02-05 1:40,,0.100000001,4.099999905
,,,,
,2017-01-09 18:27,,0.100000001,2.299999952
,,,,
,2018-06-26 3:54,,0.100000001,3.400000095
,,,,
,2017-09-29 22:42,,0,0.400000006
,,,,
,2016-05-24 3:07,,0,0.899999976
,,,,
,2017-04-08 3:26,,0,0.699999988
,,,,
,2017-07-25 18:06,,0,3.700000048
,,,,
,2018-11-10 15:36,,0.300000012,4.699999809
,,,,
,2018-12-04 22:09,,0.699999988,0.699999988
,,,,
,2016-05-13 0:15,,0,5.5
,,,,
,2015-05-13 2:15,,0,9.399999619
,,,,
,2018-01-05 1:30,,0,2.5
,,,,
,2018-12-21 18:36,,0.200000003,5.400000095
,,,,
,2017-02-28 0:28,,0.100000001,6.5
,,,,
,2018-07-22 7:14,,-0.100000001,2
,,,,
,2018-03-26 18:57,,0.200000003,9.800000191
,,,,
,2017-07-14 0:32,,0.300000012,2.5
,,,,
,2019-03-17 22:29,,0.100000001,2.900000095
,,,,
,2017-02-10 3:49,,0.200000003,3.799999952
,,,,
,2019-06-26 10:23,,0,5.5
,,,,
,2017-04-17 20:52,,0.200000003,4.599999905
,,,,
,2017-08-22 18:55,,0,0.600000024
,,,,
,2018-04-23 2:53,,0,2.200000048
,,,,
,2017-10-05 19:29,,-0.899999976,0.899999976
,,,,
,2018-08-21 1:20,,0,0.699999988
,,,,
,2018-01-30 5:29,,0.100000001,1.899999976
,,,,
,2017-02-01 9:51,,0.200000003,1.5
,,,,
,2016-08-09 23:47,,0.200000003,1
,,,,
,2018-05-02 10:14,,0,3.799999952
,,,,
,2017-10-03 20:20,,0.100000001,1.100000024
,,,,
,2017-10-24 18:19,,-0.100000001,1.100000024
,,,,
,2016-11-27 1:54,,0.200000003,5.599999905
,,,,
,2018-07-11 4:56,,0.300000012,2
,,,,
,2017-09-27 19:55,,0.100000001,2.299999952
,,,,
,2015-08-19 8:06,,0.100000001,9.5
,,,,
,2017-11-12 5:05,,-0.100000001,1.899999976
,,,,
,2017-12-08 23:38,,0,7.300000191
,,,,
,2019-01-02 7:53,,0.300000012,6
,,,,
,2019-02-04 19:40,,0.100000001,2.099999905
,,,,
,2019-03-12 6:54,,0,0.200000003
,,,,
,2019-05-21 21:57,,0.400000006,5.199999809
,,,,
,2017-10-22 1:19,,0.300000012,4.5
,,,,
,2015-10-04 21:08,,-0.100000001,2.299999952
,,,,
,2019-05-31 20:05,,0.200000003,3.799999952
,,,,
,2017-05-02 8:13,,0.300000012,39
,,,,
,2019-02-25 22:45,,-0.100000001,1.899999976
,,,,
,2015-07-25 19:13,,0,28.29999924
,,,,
,2017-12-19 19:24,,0.200000003,2
,,,,
,2017-11-08 0:45,,-0.100000001,26.39999962
,,,,
,2019-05-15 0:27,,0,6.199999809
,,,,
,2018-08-14 23:28,,0.100000001,3.400000095
,,,,
,2016-06-23 20:36,,-0.100000001,1.100000024
,,,,
,2017-01-31 17:03,,-0.100000001,7.800000191
,,,,
,2019-10-21 2:43,,-0.200000003,1.399999976
,,,,
,2017-12-11 2:34,,0.200000003,5.300000191
,,,,
,2018-10-08 2:15,,0.100000001,4.300000191
,,,,
,2017-07-10 3:12,,0,4.400000095
,,,,
,2019-09-28 5:35,,0.200000003,2.799999952
,,,,
,2016-06-14 18:06,,0.100000001,1.799999952
,,,,
,2017-05-12 0:15,,-0.100000001,1.299999952
,,,,
,2019-08-06 8:03,,0,16.79999924
,,,,
,2017-03-23 23:25,,0.300000012,2.700000048
,,,,
,2019-10-13 6:37,,0.100000001,7.800000191
,,,,
,2019-06-17 20:31,,0.100000001,1.799999952
,,,,
,2019-09-06 19:19,,0,1.399999976
,,,,
,2017-09-21 23:01,,0,18.39999962
,,,,
,2019-07-07 20:01,,0.100000001,4
,,,,
,2015-12-09 17:50,,0,2
,,,,
,2018-07-25 2:12,,0,3.5
,,,,
,2019-07-22 23:10,,0,1.899999976
,,,,
,2018-09-18 4:50,,0,2.5
,,,,
,2019-01-22 2:45,,0,3.299999952
,,,,
,2016-03-10 16:00,,0,55.90000153
,,,,
,2018-10-19 18:59,,0,10.80000019
,,,,
,2018-10-16 0:26,,0.100000001,4
,,,,
,2018-03-07 5:24,,0.200000003,1.600000024
,,,,
,2019-05-08 20:50,,0,0.5
,,,,
,2019-05-22 7:07,,0.200000003,3.400000095
,,,,
,2018-10-17 19:29,,0,3.400000095
,,,,
,2019-05-09 23:32,,-0.100000001,2.299999952
,,,,
,2019-08-01 18:04,,0,2.400000095
,,,,
,2017-02-23 0:17,,0.200000003,6.099999905
,,,,
,2019-03-29 4:42,,0.100000001,0.300000012
,,,,
,2019-07-27 19:48,,0,1.399999976
,,,,
,2016-03-16 6:45,,0.100000001,3.400000095
,,,,
,2015-04-11 18:38,,-0.200000003,0.600000024
,,,,
,2017-12-23 1:17,,0,1
,,,,
,2017-05-01 6:35,,0,2.5
,,,,
,2019-07-05 4:17,,0.100000001,7
,,,,
,2018-01-29 0:18,,0,43.90000153
,,,,
,2019-06-07 19:27,,0.100000001,1.600000024
,,,,
,2018-12-22 20:49,,0.100000001,3.200000048
,,,,
,2017-10-31 22:26,,0.300000012,18.79999924
,,,,
,2016-10-10 18:32,,0,1.700000048
,,,,
,2018-05-12 1:59,,0.200000003,2.200000048
,,,,
,2019-08-10 18:15,,0.100000001,12.39999962
,,,,
,2017-01-18 3:44,,0.200000003,31.70000076
,,,,
,2019-02-25 20:33,,0.100000001,3.299999952
,,,,
,2019-06-21 19:01,,0,1.299999952
,,,,
,2019-03-30 0:21,,0.200000003,4.300000191
,,,,
,2017-05-22 18:56,,0,3.200000048
,,,,
,2019-01-04 1:45,,0,2.900000095
,,,,
,2019-01-01 22:54,,-0.200000003,1.5
,,,,
,2018-06-07 23:53,,0,18
,,,,
,2019-03-11 19:54,,0,1.899999976
,,,,
,2017-02-18 22:40,,0,2.299999952
,,,,
,2019-01-22 19:00,,0.200000003,4.199999809
,,,,
,2019-08-28 6:37,,0.100000001,2.099999905
,,,,
,2018-06-07 16:05,,-0.100000001,2.900000095
,,,,
,2018-06-07 17:02,,-0.100000001,1.299999952
,,,,
,2018-12-28 7:56,,0.100000001,0.600000024
,,,,
,2018-12-10 0:50,,0.300000012,3.200000048
,,,,
,2019-03-28 17:15,,0.100000001,12.60000038
,,,,
,2017-06-19 19:36,,0.100000001,4.599999905
,,,,
,2019-05-27 14:47,,0.100000001,2.099999905
,,,,
,2016-04-04 7:22,,0.100000001,2.5
,,,,
,2019-05-14 12:12,,0,2.5
,,,,
,2016-12-22 16:16,,0.100000001,7.099999905
,,,,
,2019-03-30 23:50,,-0.100000001,3.5
,,,,
,2019-05-21 23:51,,0.200000003,5.300000191
,,,,
,2018-06-05 6:00,,0.100000001,1.600000024
,,,,
,2019-03-08 5:47,,0,6.099999905
,,,,
,2018-03-30 23:38,,0.100000001,2.5
,,,,
,2017-12-29 9:31,,0.200000003,2.5
,,,,
,2018-12-20 4:15,,0.100000001,1.899999976
,,,,
,2019-08-22 5:35,,0,2.299999952
,,,,
,2015-12-09 4:53,,0.100000001,2.5
,,,,
,2017-08-22 20:07,,0,1.899999976
,,,,
,2016-03-10 16:07,,0,39.5
,,,,
,2019-04-10 22:07,,0.100000001,5.199999809
,,,,
,2017-06-23 6:39,,0.300000012,1.899999976
,,,,
,2017-01-20 21:58,,0.100000001,1.100000024
,,,,
,2019-05-13 2:44,,0.100000001,5.400000095
,,,,
,2019-01-25 3:12,,0,4
,,,,
,2018-08-01 21:36,,0,2.299999952
,,,,
,2019-02-27 19:07,,0.300000012,2.299999952
,,,,
,2018-02-08 20:30,,0,0.699999988
,,,,
,2019-04-23 16:31,,0.300000012,3.400000095
,,,,
,2018-08-16 12:06,,0.400000006,2.200000048
,,,,
,2016-04-12 9:46,,0,2.799999952
,,,,
,2018-02-26 18:06,,0.300000012,4.900000095
,,,,
,2017-02-12 18:55,,0.100000001,8
,,,,
,2019-09-02 19:21,,0,0.899999976
,,,,
,2018-04-02 23:12,,0,2.799999952
,,,,
,2018-05-29 19:52,,0.100000001,3.400000095
,,,,
,2018-05-13 5:37,,0.200000003,13.60000038
,,,,
,2017-03-22 3:07,,0.200000003,0.600000024
,,,,
,2019-09-04 4:40,,-0.100000001,1.899999976
,,,,
,2018-03-15 18:58,,-0.200000003,1.5
,,,,
,2018-09-07 15:33,,0.100000001,1
,,,,
,2018-03-23 22:09,,0,3.599999905
,,,,
,2019-06-23 23:49,,0.200000003,5
,,,,
,2018-05-30 17:34,,0.100000001,2.700000048
,,,,
,2018-02-18 5:25,,0.100000001,8.399999619
,,,,
,2017-09-03 19:02,,0,6.900000095
,,,,
,2019-01-03 1:14,,-0.100000001,0.699999988
,,,,
,2018-03-11 4:55,,0,2.599999905
,,,,
,2018-01-21 0:45,,0,1.299999952
,,,,
,2017-02-04 20:01,,0,5.300000191
,,,,
,2018-07-29 3:17,,0,2.400000095
,,,,
,2019-07-06 9:38,,0.300000012,4.5
,,,,
,2019-07-22 21:43,,0,1.799999952
,,,,
,2019-09-30 17:19,,0,0
,,,,
,2019-05-09 22:17,,-0.100000001,0.100000001
,,,,
,2019-04-24 14:50,,0.200000003,0.5
,,,,
,2019-08-15 13:42,,-0.100000001,11.10000038
,,,,
,2019-09-08 20:33,,0,0.200000003
,,,,
,2019-04-08 17:48,,-0.100000001,0.100000001
,,,,
,2018-09-10 3:54,,0,3.5
,,,,
,2019-09-03 5:01,,0.300000012,0.300000012
,,,,
,2019-08-06 15:43,,-0.600000024,3.799999952
,,,,
,2019-09-19 17:05,,0,0.100000001
,,,,
,2019-08-15 2:40,,-0.200000003,0.899999976
,,,,
,2019-10-22 18:51,,-0.800000012,0.800000012
,,,,
,2019-10-11 17:22,,-0.899999976,0.899999976
,,,,
,2019-03-31 18:55,,0.5,0.5
,,,,
,2019-06-13 2:00,,0,1.5
,,,,
,2017-04-08 5:33,,-0.5,5.699999809
,,,,
,2019-10-16 20:32,,0.200000003,0.600000024
,,,,
,2019-01-20 22:49,,0.100000001,0.400000006
,,,,
,2019-08-17 12:47,,0,0
,,,,
,2019-08-23 17:03,,0.400000006,1.200000048
,,,,
,2019-07-22 14:59,,-0.100000001,1.600000024
,,,,
,2019-02-27 2:55,,0,0
,,,,
,2019-09-29 23:39,,-0.200000003,0.800000012
,,,,
,2018-08-08 1:06,,-0.100000001,0.100000001
,,,,
,2019-08-17 1:05,,0,0.5
,,,,
,2018-12-03 22:44,,0,0.300000012
,,,,
,2019-09-27 17:26,,0.400000006,0.400000006
,,,,
,2018-12-11 18:57,,0,0
,,,,
,2019-10-08 20:06,,0.200000003,0.400000006
,,,,
,2019-07-30 20:14,,-0.5,5.800000191
,,,,
,2016-08-08 14:17,,0,1.799999952
,,,,
,2019-04-16 16:36,,0.100000001,0.899999976
,,,,
,2019-07-28 0:36,,0.300000012,1.399999976
,,,,
,2019-04-12 23:57,,0.200000003,0.200000003
,,,,
,2018-05-14 0:08,,0.100000001,4.400000095
,,,,
,2019-07-05 19:00,,-0.400000006,0.400000006
,,,,
,2018-11-08 7:06,,0,2.799999952
,,,,
,2019-07-02 18:52,,-0.100000001,5.099999905
,,,,
,2016-12-18 19:17,,-0.200000003,5.400000095
,,,,
,2019-06-23 2:08,,0.100000001,0.100000001
,,,,
,2019-08-06 18:23,,0.300000012,1.299999952
,,,,
,2019-01-09 20:52,,0.100000001,2.900000095
,,,,
,2019-04-25 23:19,,0,0
,,,,
,2019-08-27 7:19,,0.400000006,1
,,,,
,2018-11-12 10:05,,0,2.099999905
,,,,
,2019-06-27 7:02,,-0.200000003,1.799999952
,,,,
,2019-01-31 14:44,,-0.300000012,0.600000024
,,,,
,2019-10-12 21:21,,0.400000006,0.899999976
,,,,
,2019-03-15 4:21,,-0.300000012,1.100000024
,,,,
,2019-06-16 0:27,,0.400000006,3.5
,,,,
,2019-04-16 8:39,,0,5.300000191
,,,,
,2019-10-02 4:48,,-0.100000001,1.899999976
,,,,
,2019-09-25 22:50,,-0.200000003,1.299999952
,,,,
,2019-10-14 23:31,,-0.600000024,0.600000024
,,,,
,2019-10-24 21:41,,0.400000006,0.899999976
,,,,
,2018-07-28 2:28,,0,0.200000003
,,,,
,2019-05-28 22:58,,0.400000006,8.899999619
,,,,
,2019-08-28 1:22,,0.300000012,1.100000024
,,,,
,2019-01-17 5:56,,0,0.200000003
,,,,
,2019-10-01 15:32,,0.400000006,1.299999952
,,,,
,2019-06-10 22:44,,-0.100000001,0.400000006
,,,,
,2019-06-15 4:46,,0,1.700000048
,,,,
,2019-09-09 8:11,,0.100000001,22.10000038
,,,,
,2018-09-17 22:08,,0,0
,,,,
,2019-05-29 21:19,,0.100000001,1.899999976
,,,,
,2018-09-07 23:35,,-0.100000001,1.700000048
,,,,
,2019-07-13 21:50,,0,0.300000012
,,,,
,2018-09-27 3:11,,0.200000003,0.5
,,,,
,2017-05-08 5:25,,-0.899999976,0.899999976
,,,,
,2018-11-18 16:58,,0,0
,,,,
,2019-08-26 20:32,,0.100000001,0.600000024
,,,,
,2019-10-03 22:04,,-0.200000003,0.400000006
,,,,
,2019-06-14 7:05,,-0.300000012,0.300000012
,,,,
,2019-07-11 23:48,,0.600000024,0.600000024
,,,,
,2019-06-03 23:45,,0.100000001,0.300000012
,,,,
,2019-03-11 19:49,,-0.200000003,1.299999952
,,,,
,2019-08-19 21:54,,0,0
,,,,
,2019-03-21 8:25,,0,1.299999952
,,,,
,2019-02-24 2:45,,-0.200000003,1.200000048
,,,,
,2019-09-20 0:29,,0,0
,,,,
,2019-07-10 17:58,,0,3.400000095
,,,,
,2019-07-22 1:30,,-0.200000003,0.800000012
,,,,
,2019-09-26 2:17,,0.200000003,1.5
,,,,
,2019-06-26 7:52,,-0.400000006,1.200000048
,,,,
,2019-08-09 2:48,,-0.100000001,3.599999905
,,,,
,2019-01-27 23:22,,-0.5,0.5
,,,,
,2018-12-26 18:12,,0.200000003,6.699999809
,,,,
,2019-01-31 1:30,,0.100000001,2.400000095
,,,,
,2018-07-24 19:16,,-0.100000001,1
,,,,
,2019-01-24 18:25,,-0.100000001,1.299999952
,,,,
,2019-06-27 9:40,,0.800000012,0.800000012
,,,,
,2019-05-10 18:47,,0.200000003,1.200000048
,,,,
,2019-07-18 1:11,,0.100000001,1.399999976
,,,,
,2017-09-26 21:39,,0,0
,,,,
,2019-07-31 18:29,,0.400000006,0.400000006
,,,,
,2019-09-20 22:14,,0,0.100000001
,,,,
,2019-09-24 15:10,,-0.200000003,0.400000006
,,,,
,2019-07-21 2:11,,0,0.400000006
,,,,
,2019-09-12 3:08,,-0.100000001,0.800000012
,,,,
,2019-08-30 1:49,,-0.400000006,2.099999905
,,,,
,2019-09-06 18:09,,0,5.599999905
,,,,
,2017-11-02 5:13,,0.100000001,0.800000012
,,,,
,2019-03-06 2:00,,-0.200000003,1.799999952
,,,,
,2019-04-11 5:46,,0.699999988,0.699999988
,,,,
,2019-02-28 3:26,,0,0
,,,,
,2017-03-01 23:39,,0.300000012,0.600000024
,,,,
,2016-05-16 11:16,,0.100000001,2.400000095
,,,,
,2019-05-20 4:35,,0,0.300000012
,,,,
,2019-05-30 16:44,,0,1.100000024
,,,,
,2019-02-20 17:27,,-0.100000001,0.300000012
,,,,
,2019-02-05 12:02,,0,1.100000024
,,,,
,2019-03-09 1:48,,0,0
,,,,
,2018-11-17 18:47,,0,0.899999976
,,,,
,2019-07-14 0:48,,-0.100000001,1
,,,,
,2019-07-05 19:54,,0,0.5
,,,,
,2019-09-15 21:22,,0,0.100000001
,,,,
,2019-09-16 2:52,,-0.300000012,0.600000024
,,,,
,2019-01-13 17:07,,0.400000006,1.799999952
,,,,
,2019-08-19 4:14,,-0.300000012,1
,,,,
,2019-08-15 20:22,,0.200000003,0.200000003
,,,,
,2019-09-24 1:15,,0,0
,,,,
,2019-08-22 16:40,,0,1.799999952
,,,,
,2018-12-12 22:16,,0,1.799999952
,,,,
,2019-10-22 7:01,,0,0.400000006
,,,,
,2019-06-29 0:07,,0,0.400000006
,,,,
,2018-12-07 21:21,,0,8.899999619
,,,,
,2019-07-04 14:19,,0.5,1.100000024
,,,,
,2019-03-17 5:05,,0,1.600000024
,,,,
,2019-08-23 1:34,,-0.100000001,0.200000003
,,,,
,2019-04-15 17:52,,0,0
,,,,
,2017-09-11 0:17,,0,1.600000024
,,,,
,2019-09-29 14:45,,0.100000001,1.100000024
,,,,
,2019-04-08 18:32,,-0.100000001,0.400000006
,,,,
,2019-09-30 18:35,,0,0
,,,,
,2019-08-07 18:30,,0,0.100000001
,,,,
,2019-08-23 0:34,,0.100000001,1.600000024
,,,,
,2019-01-08 0:02,,0.100000001,0.699999988
,,,,
,2019-06-22 3:07,,0.200000003,1.100000024
,,,,
,2019-03-28 14:47,,0.699999988,0.699999988
,,,,
,2019-05-05 22:00,,0,0.400000006
,,,,
,2019-10-19 18:47,,0,0.699999988
,,,,
,2019-10-15 17:26,,-0.200000003,0.699999988
,,,,
,2018-08-04 17:50,,-0.100000001,0.100000001
,,,,
,2018-12-30 4:06,,0,0.5
,,,,
,2018-12-31 17:09,,0,2.200000048
,,,,
,2018-02-15 15:18,,0,0.300000012
,,,,
,2019-04-05 2:35,,-0.100000001,0.899999976
,,,,
,2019-01-27 18:32,,0,0.200000003
,,,,
,2019-09-29 20:55,,-0.5,0.5
,,,,
,2019-04-10 23:39,,-0.100000001,0.100000001
,,,,
,2019-10-12 2:30,,0.100000001,4.900000095
,,,,
,2019-10-17 23:59,,0.100000001,0.100000001
,,,,
,2019-07-23 21:58,,-0.100000001,1.600000024
,,,,
,2019-09-13 23:03,,0,1.299999952
,,,,
,2019-06-19 12:57,,0.200000003,0.699999988
,,,,
,2019-08-29 1:25,,0,1.299999952
,,,,
,2019-04-04 21:43,,0,0.100000001
,,,,
,2019-06-19 1:42,,-0.100000001,1.100000024
,,,,
,2019-10-10 3:37,,-0.400000006,0.899999976
,,,,
,2019-10-01 22:58,,0,0.5
,,,,
,2019-06-07 3:35,,-0.300000012,7.800000191
,,,,
,2019-02-22 3:00,,0,0
,,,,
,2019-07-30 18:19,,0.100000001,2.099999905
,,,,
,2019-08-16 17:56,,0,1
,,,,
,2019-09-14 20:53,,-0.600000024,1.799999952
,,,,
,2019-08-28 23:44,,0,0.899999976
,,,,
,2017-07-22 3:30,,0,2.5
,,,,
,2019-10-04 19:50,,0.300000012,0.300000012
,,,,
,2019-10-15 18:46,,0.100000001,0.200000003
,,,,
,2018-06-12 2:32,,-0.400000006,2.5
,,,,
,2019-02-14 5:57,,0.200000003,0.600000024
,,,,
,2018-09-22 14:34,,0.200000003,2.900000095
,,,,
,2019-08-20 15:28,,-0.300000012,1
,,,,
,2019-06-22 6:54,,-0.400000006,4.900000095
,,,,
,2019-07-21 17:27,,-0.100000001,0.600000024
,,,,
,2019-09-05 22:56,,-0.699999988,0.699999988
,,,,
,2017-01-25 18:12,,-0.100000001,5.599999905
,,,,
,2019-06-20 3:33,,0.800000012,1.700000048
,,,,
,2019-06-03 18:44,,0,1.5
,,,,
,2019-01-23 21:02,,0,0
,,,,
,2019-06-18 11:45,,0.800000012,0.800000012
,,,,
,2019-10-26 2:51,,0,0
,,,,
,2019-05-07 17:04,,0,3.700000048
,,,,
,2019-09-17 7:32,,-0.200000003,0.699999988
,,,,
,2018-12-19 17:01,,0,0.699999988
,,,,
,2019-09-19 7:30,,-0.300000012,0.699999988
,,,,
,2019-04-23 17:11,,0.200000003,0.5
,,,,
,2019-04-21 18:41,,0.600000024,0.600000024
,,,,
,2018-12-13 13:50,,0,3.700000048
,,,,
,2019-03-20 18:48,,-0.5,0.5
,,,,
,2019-03-01 1:19,,-0.300000012,0.600000024
,,,,
,2019-05-23 5:06,,0.400000006,0.400000006
,,,,
,2019-10-01 3:24,,-0.300000012,1
,,,,
,2018-06-19 2:15,,0.300000012,1.299999952
,,,,
,2019-02-25 1:26,,0.200000003,1.600000024
,,,,
,2019-09-21 23:08,,0.100000001,1.100000024
,,,,
,2018-12-01 8:30,,0.899999976,0.899999976
,,,,
,2018-12-12 23:22,,-0.100000001,2
,,,,
,2019-07-15 10:13,,0,0
,,,,
,2019-08-12 8:53,,-0.600000024,5.900000095
,,,,
,2019-10-01 20:34,,0,0.100000001
,,,,
,2019-08-15 14:50,,-0.300000012,1.399999976
,,,,
,2019-07-18 0:52,,0.200000003,1.899999976
,,,,
,2019-09-11 21:53,,0,0.600000024
,,,,
,2019-09-16 5:03,,0,0.400000006
,,,,
,2019-08-16 18:41,,0,1.100000024
,,,,
,2019-06-28 23:51,,0,0.100000001
,,,,
,2019-10-25 10:21,,0,1.299999952
,,,,
,2019-08-15 19:28,,0.400000006,0.400000006
,,,,
,2019-10-15 4:10,,0,0.699999988
,,,,
,2019-07-16 8:42,,-0.5,0.5
,,,,
,2019-03-16 16:47,,0,0
,,,,
,2019-08-20 22:45,,0.200000003,0.5
,,,,
,2019-08-19 21:21,,-0.600000024,7.699999809
,,,,
,2018-06-23 19:29,,-0.200000003,0.200000003
,,,,
,2019-07-08 21:51,,0,1.700000048
,,,,
,2019-09-25 1:55,,-0.100000001,1.200000048
,,,,
,2017-07-27 16:22,,0,2.5
,,,,
,2019-01-25 17:47,,0.600000024,0.600000024
,,,,
,2019-02-08 0:33,,0.200000003,5.300000191
,,,,
,2019-07-25 16:12,,0.800000012,0.800000012
,,,,
,2019-01-03 1:50,,0,1.899999976
,,,,
,2019-07-01 15:28,,-0.5,1.100000024
,,,,
,2019-02-03 0:17,,-0.300000012,3.700000048
,,,,
,2018-08-16 22:20,,0,1.5
,,,,
,2019-03-06 14:54,,-0.200000003,0.600000024
,,,,
,2019-03-05 4:31,,0.100000001,1.100000024
,,,,
,2019-08-29 1:13,,-0.100000001,4.599999905
,,,,
,2018-10-01 19:54,,0.200000003,0.200000003
,,,,
,2018-08-20 21:32,,-0.100000001,2
,,,,
,2019-10-10 23:25,,0,0.100000001
,,,,
,2019-06-08 3:39,,0,2.599999905
,,,,
,2019-09-17 16:29,,-0.100000001,1.299999952
,,,,
,2018-08-04 1:20,,0.100000001,1.799999952
,,,,
,2019-09-11 4:10,,0.100000001,0.100000001
,,,,
,2019-04-15 21:17,,-0.100000001,2.299999952
,,,,
,2019-02-06 23:03,,0,0.5
,,,,
,2019-05-09 4:26,,-0.300000012,2.700000048
,,,,
,2019-09-16 21:00,,0,0
,,,,
,2019-07-08 18:27,,0.100000001,0.899999976
,,,,
,2019-03-30 19:15,,0.100000001,0.5
,,,,
,2017-08-17 18:28,,0,2.900000095
,,,,
,2019-07-27 21:38,,0,0
,,,,
,2019-07-11 10:35,,-0.100000001,0.400000006
,,,,
,2019-08-02 18:50,,0.5,1
,,,,
,2019-09-08 2:21,,0,0.5
,,,,
,2019-09-10 21:45,,0.100000001,2.200000048
,,,,
,2018-10-21 18:45,,0,0.899999976
,,,,
,2017-03-19 22:24,,-0.200000003,2.799999952
,,,,
,2018-08-11 1:24,,0,0
,,,,
,2018-11-09 3:19,,0.200000003,1.600000024
,,,,
,2018-08-31 23:33,,0.5,1.700000048
,,,,
,2019-06-02 7:15,,-0.100000001,0.100000001
,,,,
,2018-10-05 2:45,,-0.200000003,3.5
,,,,
,2018-09-09 17:16,,0,1.200000048
,,,,
,2018-11-15 21:16,,0,2.700000048
,,,,
,2018-10-12 23:29,,-0.100000001,1.200000048
,,,,
,2015-06-17 5:40,,0,0.100000001
,,,,
,2018-08-17 17:30,,-0.400000006,1.899999976
,,,,
,2018-12-07 6:56,,-0.300000012,1.200000048
,,,,
,2016-10-21 23:00,,0,0.899999976
,,,,
,2018-12-31 7:30,,-0.200000003,6.099999905
,,,,
,2019-09-14 5:08,,0.300000012,0.300000012
,,,,
,2018-12-13 22:11,,-0.100000001,0.100000001
,,,,
,2018-09-26 19:20,,0,4.300000191
,,,,
,2014-09-11 1:12,,0.200000003,2.299999952
,,,,
,2018-11-16 20:46,,0,1.899999976
,,,,
,2018-02-04 5:46,,-0.5,1.100000024
,,,,
,2016-12-27 20:04,,0,1
,,,,
,2014-11-15 3:26,,0.100000001,5.599999905
,,,,
,2018-02-20 16:51,,0,0.5
,,,,
,2019-04-01 4:56,,0,0
,,,,
,2018-11-11 5:33,,0.100000001,2.299999952
,,,,
,2019-07-25 9:52,,0,4.199999809
,,,,
,2018-11-14 18:56,,-0.100000001,0.300000012
,,,,
,2014-11-11 23:58,,0,3.5
,,,,
,2017-12-27 19:59,,0.100000001,0.899999976
,,,,
,2018-11-04 1:25,,-0.300000012,1.299999952
,,,,
,2018-09-28 1:30,,0,0.600000024
,,,,
,2018-03-20 22:33,,0.200000003,5.099999905
,,,,
,2018-05-27 1:48,,-0.200000003,0.400000006
,,,,
,2018-03-13 3:42,,0,0.400000006
,,,,
,2018-01-22 23:15,,-0.400000006,0.400000006
,,,,
,2019-04-16 5:21,,-0.100000001,0.800000012
,,,,
,2019-01-10 23:28,,0,1.100000024
,,,,
,2016-06-04 22:33,,0,4.199999809
,,,,
,2018-09-17 23:00,,0,1.600000024
,,,,
,2019-08-24 7:33,,0,0.699999988
,,,,
,2017-03-27 2:08,,0.300000012,1.899999976
,,,,
,2018-07-10 1:15,,0.200000003,9.199999809
,,,,
,2018-09-18 4:47,,-0.100000001,1.899999976
,,,,
,2018-12-02 7:04,,0.100000001,3
,,,,
,2018-07-31 23:08,,0,1.799999952
,,,,
,2019-04-22 8:02,,0.300000012,3.599999905
,,,,
,2018-10-15 7:01,,0,0
,,,,
,2018-12-10 10:22,,-0.100000001,1
,,,,
,2019-01-08 1:26,,-0.100000001,1
,,,,
,2016-11-03 20:55,,0.100000001,7.199999809
,,,,
,2018-11-17 23:48,,0,4.199999809
,,,,
,2018-11-19 15:31,,-0.100000001,1.299999952
,,,,
,2018-10-04 10:06,,0,2.5
,,,,
,2018-12-12 7:41,,0,2.799999952
,,,,
,2019-06-01 22:23,,0,1.899999976
,,,,
,2019-01-20 20:16,,0.300000012,0.600000024
,,,,
,2017-12-22 21:53,,0,2.599999905
,,,,
,2018-11-14 18:29,,0,0.699999988
,,,,
,2015-05-13 14:42,,0.400000006,3.700000048
,,,,
,2014-07-12 11:25,,0.200000003,6.599999905
,,,,
,2017-01-05 2:07,,0,1.899999976
,,,,
,2018-02-16 2:07,,-0.100000001,1.5
,,,,
,2018-09-16 18:32,,-0.300000012,1.600000024
,,,,
,2018-08-31 0:36,,0,1.200000048
,,,,
,2019-07-11 7:46,,-0.300000012,1.399999976
,,,,
,2017-05-22 5:42,,0,1.5
,,,,
,2018-07-17 2:22,,0,2.799999952
,,,,
,2016-12-14 7:47,,0,0.899999976
,,,,
,2018-05-01 0:59,,0,3.200000048
,,,,
,2018-08-29 23:11,,0,1.600000024
,,,,
,2016-09-11 9:50,,0.200000003,2.200000048
,,,,
,2018-03-20 20:29,,0,2.299999952
,,,,
,2018-07-31 3:30,,0.200000003,2
,,,,
,2018-10-03 4:38,,0,0.600000024
,,,,
,2018-03-13 0:59,,0.200000003,2.200000048
,,,,
,2018-03-18 1:00,,0.100000001,1.600000024
,,,,
,2018-09-13 0:18,,0,0
,,,,
,2018-11-22 17:58,,0.200000003,0.200000003
,,,,
,2018-11-27 1:48,,0,2.799999952
,,,,
,2019-01-03 4:00,,-0.300000012,2.099999905
,,,,
,2018-03-14 6:22,,0,1.399999976
,,,,
,2018-03-10 12:27,,-0.100000001,8
,,,,
,2017-01-05 20:34,,0,1.700000048
,,,,
,2018-01-29 9:11,,-0.100000001,6.099999905
,,,,
,2019-01-25 18:02,,-0.100000001,1.200000048
,,,,
,2018-10-26 18:55,,0,1.700000048
,,,,
,2018-08-22 20:08,,0,31.29999924
,,,,
,2016-12-07 18:23,,-0.100000001,2.900000095
,,,,
,2018-09-26 20:25,,-0.100000001,0.400000006
,,,,
,2018-12-29 8:43,,-0.699999988,0.699999988
,,,,
,2016-08-16 8:25,,-0.200000003,0.200000003
,,,,
,2018-03-03 0:35,,0.100000001,0.300000012
,,,,
,2019-02-20 21:49,,0.300000012,2.200000048
,,,,
,2018-08-01 18:34,,0,0.200000003
,,,,
,2018-04-13 8:03,,0,0.100000001
,,,,
,2018-11-24 0:28,,0,0.600000024
,,,,
,2016-11-28 21:50,,0.600000024,2
,,,,
,2019-02-10 14:01,,-0.5,1.100000024
,,,,
,2019-09-01 0:14,,0,0.899999976
,,,,
,2018-02-14 5:11,,-0.100000001,1.899999976
,,,,
,2017-09-06 16:22,,-0.100000001,0.200000003
,,,,
,2016-11-09 0:06,,0,1.299999952
,,,,
,2018-08-03 8:42,,0,2.900000095
,,,,
,2018-12-05 1:00,,0,0
,,,,
,2019-06-03 2:54,,-0.100000001,3.400000095
,,,,
,2017-10-12 23:35,,0,2.099999905
,,,,
,2016-03-29 1:13,,0.200000003,6.099999905
,,,,
,2018-10-09 5:39,,0,3.5
,,,,
,2018-10-26 22:35,,-0.200000003,1.399999976
,,,,
,2017-04-20 4:25,,0.200000003,1.200000048
,,,,
,2019-08-08 18:45,,0.100000001,0.300000012
,,,,
,2018-03-05 4:25,,-0.200000003,0.200000003
,,,,
,2015-10-28 10:57,,0.100000001,2.400000095
,,,,
,2019-01-15 8:19,,0,0.300000012
,,,,
,2014-12-03 23:36,,-0.100000001,5.900000095
,,,,
,2014-09-12 19:35,,0.200000003,2.5
,,,,
,2018-10-25 4:03,,0.300000012,1.100000024
,,,,
,2019-03-15 12:15,,0,5.699999809
,,,,
,2018-01-27 3:13,,0,0.600000024
,,,,
,2018-11-20 22:40,,-0.5,1.100000024
,,,,
,2015-10-09 14:58,,0,0
,,,,
,2019-01-21 19:25,,-0.100000001,1
,,,,
,2015-11-02 22:56,,0,2.299999952
,,,,
,2018-01-27 1:37,,0.200000003,2.099999905
,,,,
,2018-03-07 1:18,,0.200000003,0.200000003
,,,,
,2018-04-04 6:42,,0.5,4.099999905
,,,,
,2018-04-29 5:15,,0,0.800000012
,,,,
,2019-01-07 19:08,,-0.100000001,0.800000012
,,,,
,2019-08-15 3:23,,0.300000012,6.400000095
,,,,
,2015-03-27 7:26,,0,1.799999952
,,,,
,2019-08-04 0:41,,-0.800000012,0.800000012
,,,,
,2018-11-03 5:06,,0,3
,,,,
,2018-11-05 21:50,,0,1.200000048
,,,,
,2018-09-24 22:15,,0,0.200000003
,,,,
,2019-02-26 15:30,,0.100000001,3
,,,,
,2018-02-25 2:33,,0,1.299999952
,,,,
,2019-02-20 22:44,,0,1.700000048
,,,,
,2018-11-01 7:07,,0,1.899999976
,,,,
,2019-01-06 21:35,,0.200000003,1.299999952
,,,,
,2018-10-02 1:03,,0,0.400000006
,,,,
,2016-08-31 3:08,,0.200000003,0.5
,,,,
,2017-08-22 20:41,,0,2
,,,,
,2017-12-02 22:42,,-0.200000003,2.099999905
,,,,
,2016-10-17 8:06,,0,1.299999952
,,,,
,2018-04-13 18:21,,0,0.300000012
,,,,
,2014-10-21 21:20,,0,6.099999905
,,,,
,2015-04-21 21:02,,-0.300000012,0.300000012
,,,,
,2018-12-01 10:29,,0,1.600000024
,,,,
,2015-04-10 1:35,,0.400000006,1.899999976
,,,,
,2019-08-29 19:44,,-0.100000001,1.600000024
,,,,
,2018-12-28 19:01,,-0.300000012,0.899999976
,,,,
,2017-07-20 5:52,,0,1.399999976
,,,,
,2014-11-02 23:26,,0.200000003,2.700000048
,,,,
,2018-12-19 3:44,,0.300000012,3.400000095
,,,,
,2019-10-11 8:31,,0,0
,,,,
,2016-01-19 2:07,,0,0.699999988
,,,,
,2018-10-04 0:46,,0.300000012,1.899999976
,,,,
,2015-03-27 7:57,,0,2.200000048
,,,,
,2018-11-10 21:28,,0.200000003,2.200000048
,,,,
,2015-09-12 3:30,,0,1
,,,,
,2017-12-19 1:02,,0.100000001,2.5
,,,,
,2019-04-02 15:08,,0,0.800000012
,,,,
,2017-10-16 18:37,,0,4.199999809
,,,,
,2014-05-12 9:43,,0.100000001,1.899999976
,,,,
,2018-01-23 5:42,,-0.200000003,0.5
,,,,
,2017-10-20 2:12,,0.100000001,2
,,,,
,2018-11-30 19:40,,0.300000012,2.900000095
,,,,
,2018-11-06 18:25,,-0.300000012,2
,,,,
,2019-03-30 1:09,,0,3.099999905
,,,,
,2016-12-31 18:32,,0,0.100000001
,,,,
,2018-09-06 2:02,,0.200000003,2.799999952
,,,,
,2014-12-07 22:20,,0.200000003,1.200000048
,,,,
,2019-02-19 9:49,,0,1.799999952
,,,,
,2018-11-06 21:50,,-0.200000003,2.099999905
,,,,
,2018-12-12 2:24,,-0.100000001,2
,,,,
,2018-08-15 6:33,,0,0.600000024
,,,,
,2018-10-17 19:50,,0.400000006,1.399999976
,,,,
,2018-12-17 21:50,,0,2.299999952
,,,,
,2018-11-21 2:04,,-0.100000001,0.100000001
,,,,
,2018-01-22 20:43,,0.100000001,4.099999905
,,,,
,2016-11-06 1:41,,0.100000001,0.100000001
,,,,
,2018-11-28 15:07,,0,0.800000012
,,,,
,2018-12-16 23:45,,0,1
,,,,
,2016-05-03 4:58,,-0.200000003,6.5
,,,,
,2018-08-18 20:03,,-0.100000001,1.200000048
,,,,
,2017-10-26 3:12,,0.600000024,4.300000191
,,,,
,2016-11-11 1:30,,-0.100000001,0.300000012
,,,,
,2018-11-02 8:55,,0.300000012,2
,,,,
,2019-02-20 1:59,,0,1.899999976
,,,,
,2014-12-06 4:47,,0.100000001,0.899999976
,,,,
,2018-03-03 1:32,,-0.200000003,1.200000048
,,,,
,2019-07-12 9:15,,-0.100000001,0.699999988
,,,,
,2018-02-01 1:15,,0.100000001,0.800000012
,,,,
,2019-06-22 19:30,,0.200000003,1.899999976
,,,,
,2019-03-01 10:46,,0,0.600000024
,,,,
,2019-07-10 2:34,,-0.100000001,0.100000001
,,,,
,2018-09-09 7:59,,0.100000001,2.299999952
,,,,
,2014-11-29 5:50,,-0.100000001,2.700000048
,,,,
,2018-10-04 6:08,,0,0.200000003
,,,,
,2019-09-03 15:54,,0,0
,,,,
,2018-10-17 10:40,,0.200000003,8.899999619
,,,,
,2018-11-06 5:56,,0.100000001,1.200000048
,,,,
,2018-12-01 7:58,,0.100000001,2.799999952
,,,,
,2018-01-24 23:51,,-0.200000003,1.899999976
,,,,
,2017-10-06 17:16,,0,4.5
,,,,
,2018-12-22 3:21,,0,1
,,,,
,2016-05-22 0:45,,0.100000001,1.600000024
,,,,
,2019-02-12 4:04,,0,3.5
,,,,
,2019-01-15 1:30,,-0.300000012,1
,,,,
,2018-03-08 20:11,,0,2.299999952
,,,,
,2018-12-02 4:36,,0,0
,,,,
,2017-09-15 8:08,,0.100000001,7.900000095
,,,,
,2018-04-27 7:12,,-0.400000006,4.099999905
,,,,
,2018-03-12 19:19,,0.100000001,2.900000095
,,,,
,2018-02-13 0:27,,0,1.700000048
,,,,
,2018-07-25 11:41,,0,0
,,,,
,2019-01-04 10:01,,0,2.599999905
,,,,
,2018-10-18 4:36,,0,0.800000012
,,,,
,2017-08-15 17:33,,0,3.299999952
,,,,
,2017-10-24 2:58,,0,7.400000095
,,,,
,2019-01-06 19:07,,0,0.400000006
,,,,
,2019-01-08 6:19,,0.100000001,2.299999952
,,,,
,2018-12-07 7:56,,0.300000012,1.600000024
,,,,
,2017-01-06 7:19,,0,0.800000012
,,,,
,2019-06-01 3:51,,0,0.699999988
,,,,
,2019-01-02 8:51,,-0.800000012,1.600000024
,,,,
,2015-05-13 2:24,,0,0
,,,,
,2019-09-24 21:51,,0,0.200000003
,,,,
,2018-09-30 5:48,,0.200000003,1.399999976
,,,,
,2016-09-20 0:26,,0,1.200000048
,,,,
,2018-12-15 3:12,,-0.100000001,0.100000001
,,,,
,2019-02-12 20:10,,-0.100000001,0.300000012
,,,,
,2018-09-21 1:40,,0,2.400000095
,,,,
,2018-08-26 2:07,,0,1.5
,,,,
,2016-06-08 22:51,,0.200000003,2.299999952
,,,,
,2018-12-29 7:22,,0,4.900000095
,,,,
,2019-09-21 9:29,,-0.400000006,6.400000095
,,,,
,2019-07-07 21:22,,-0.100000001,35.40000153
,,,,
,2019-01-29 11:02,,-0.100000001,5.900000095
,,,,
,2019-01-14 23:02,,-0.200000003,2.799999952
,,,,
,2018-05-24 17:48,,-0.200000003,1.799999952
,,,,
,2018-08-03 21:07,,0.400000006,3.700000048
,,,,
,2018-10-24 18:20,,0,3
,,,,
,2017-10-10 3:19,,-0.100000001,3.400000095
,,,,
,2017-12-18 4:16,,-0.100000001,1.100000024
,,,,
,2017-03-22 2:27,,-0.400000006,1.399999976
,,,,
,2018-11-09 22:25,,0,0.200000003
,,,,
,2019-07-09 16:19,,0.100000001,5.5
,,,,
,2017-07-24 3:09,,0,3.200000048
,,,,
,2017-01-10 21:37,,0,2.099999905
,,,,
,2019-07-02 21:40,,0,1.100000024
,,,,
,2019-01-09 18:43,,-0.100000001,3.299999952
,,,,
,2017-04-17 23:47,,0,2.400000095
,,,,
,2017-11-28 21:34,,0,2.400000095
,,,,
,2017-05-20 15:52,,0.100000001,3.900000095
,,,,
,2018-10-02 7:11,,0,0.200000003
,,,,
,2016-12-10 1:11,,-0.300000012,4.5
,,,,
,2017-09-26 3:16,,-0.400000006,1.700000048
,,,,
,2017-12-15 8:24,,0,2.700000048
,,,,
,2018-09-04 7:23,,0.100000001,4.199999809
,,,,
,2018-11-18 18:43,,0,0.300000012
,,,,
,2019-02-07 9:59,,-0.100000001,1.399999976
,,,,
,2018-02-21 3:06,,0.200000003,5.599999905
,,,,
,2017-04-09 0:34,,-0.300000012,4.199999809
,,,,
,2018-05-16 6:34,,-0.200000003,4.300000191
,,,,
,2019-06-28 16:57,,0.100000001,0.800000012
,,,,
,2017-06-22 17:21,,0,0.100000001
,,,,
,2019-06-09 17:26,,-0.400000006,3.200000048
,,,,
,2018-11-08 2:56,,-0.100000001,2.099999905
,,,,
,2019-02-22 21:29,,0,0.300000012
,,,,
,2017-06-01 9:53,,-0.200000003,4.400000095
,,,,
,2019-04-25 9:52,,0.100000001,2.099999905
,,,,
,2019-06-26 8:34,,0,2.400000095
,,,,
,2019-08-05 17:05,,0,1.399999976
,,,,
,2018-11-16 0:38,,0,2
,,,,
,2018-09-18 14:36,,0.200000003,1.799999952
,,,,
,2016-06-26 3:54,,0.100000001,1.700000048
,,,,
,2017-07-30 8:33,,-0.100000001,2.599999905
,,,,
,2019-05-23 21:33,,0,4.400000095
,,,,
,2018-02-24 18:47,,0,2.099999905
,,,,
,2019-10-18 10:59,,-0.100000001,2.099999905
,,,,
,2018-12-24 17:07,,0,2.099999905
,,,,
,2019-07-23 5:30,,0.100000001,0.899999976
,,,,
,2017-08-11 14:12,,-0.200000003,3.5
,,,,
,2019-02-11 23:18,,-0.100000001,1.899999976
,,,,
,2016-06-23 23:18,,-0.100000001,2.900000095
,,,,
,2019-07-16 20:15,,0,2.700000048
,,,,
,2017-10-05 17:24,,0.100000001,1.799999952
,,,,
,2019-04-08 23:48,,0,1.600000024
,,,,
,2018-02-06 1:30,,-0.200000003,1.100000024
,,,,
,2019-06-27 23:41,,0,1.100000024
,,,,
,2018-09-07 18:37,,0,0.899999976
,,,,
,2016-06-30 3:55,,-0.100000001,0.600000024
,,,,
,2019-01-31 1:18,,0.100000001,0.300000012
,,,,
,2018-05-30 10:30,,-0.100000001,1.600000024
,,,,
,2017-09-22 20:08,,0.200000003,1.399999976
,,,,
,2019-08-19 13:41,,0,2.799999952
,,,,
,2017-02-07 19:58,,0.200000003,1.399999976
,,,,
,2019-07-08 23:07,,-0.200000003,3.200000048
,,,,
,2018-02-23 18:35,,-0.100000001,0.899999976
,,,,
,2016-01-07 2:20,,-0.200000003,1.200000048
,,,,
,2019-08-13 0:49,,-0.400000006,15.10000038
,,,,
,2016-06-06 19:59,,-0.300000012,9.699999809
,,,,
,2019-04-30 0:17,,-0.300000012,6.800000191
,,,,
,2018-05-03 4:03,,0,0.699999988
,,,,
,2019-06-12 4:38,,-0.100000001,0.100000001
,,,,
,2016-06-12 11:48,,0,2.900000095
,,,,
,2018-06-06 8:13,,-0.100000001,2.099999905
,,,,
,2018-08-27 3:44,,0,3.400000095
,,,,
,2019-10-17 0:03,,-0.100000001,4.599999905
,,,,
,2019-02-09 7:50,,-0.100000001,2.099999905
,,,,
,2017-12-05 21:18,,-0.100000001,1.5
,,,,
,2019-06-25 22:22,,0.400000006,2.799999952
,,,,
,2016-06-23 19:04,,-0.300000012,2.900000095
,,,,
,2019-02-22 21:50,,0.100000001,2
,,,,
,2018-04-23 19:53,,-0.300000012,3.5
,,,,
,2019-01-24 1:31,,-0.300000012,4.900000095
,,,,
,2019-09-09 14:38,,-0.200000003,5.300000191
,,,,
,2019-07-10 21:18,,-0.100000001,7.300000191
,,,,
,2017-08-27 6:48,,-0.100000001,2.400000095
,,,,
,2018-01-08 19:57,,0.200000003,2.799999952
,,,,
,2018-03-06 4:45,,-0.200000003,1.600000024
,,,,
,2016-09-15 22:14,,0,2.799999952
,,,,
,2019-01-02 22:52,,-0.100000001,2.700000048
,,,,
,2018-02-10 4:33,,-0.100000001,3
,,,,
,2017-11-20 10:32,,0,2.400000095
,,,,
,2019-07-09 9:55,,0.300000012,2.599999905
,,,,
,2019-04-17 7:10,,-0.100000001,1.600000024
,,,,
,2019-02-07 19:35,,0.400000006,2.700000048
,,,,
,2018-11-14 7:45,,0.200000003,1.100000024
,,,,
,2019-08-13 2:17,,-0.300000012,1.5
,,,,
,2018-10-29 6:58,,-0.100000001,2
,,,,
,2019-07-11 22:12,,0,2.400000095
,,,,
,2019-01-07 19:12,,0,3.400000095
,,,,
,2018-07-27 0:59,,-0.100000001,3.900000095
,,,,
,2017-03-30 23:20,,0,2
,,,,
,2018-08-25 3:44,,0.400000006,3.200000048
,,,,
,2017-08-28 1:16,,0,4.199999809
,,,,
,2019-04-15 2:11,,0.100000001,1
,,,,
,2019-05-24 6:33,,-0.100000001,2.700000048
,,,,
,2018-03-09 18:10,,-0.300000012,5.300000191
,,,,
,2016-05-04 10:04,,-0.100000001,1.299999952
,,,,
,2018-06-02 2:44,,0,1.100000024
,,,,
,2018-10-16 6:31,,0.100000001,0.899999976
,,,,
,2019-01-29 1:50,,-0.200000003,0.5
,,,,
,2018-08-09 21:55,,0,2.099999905
,,,,
,2019-07-20 17:41,,0,0.300000012
,,,,
,2019-02-16 19:32,,0.100000001,0.800000012
,,,,
,2019-10-18 21:22,,-0.400000006,0.800000012
,,,,
,2019-09-23 5:13,,-0.100000001,3.599999905
,,,,
,2018-02-09 5:45,,-0.300000012,1.5
,,,,
,2018-03-01 7:02,,0,1.399999976
,,,,
,2018-02-23 23:04,,-0.200000003,3.799999952
,,,,
,2017-05-21 3:53,,0,0
,,,,
,2018-11-22 18:43,,-0.200000003,1.399999976
,,,,
,2016-04-22 21:31,,0.100000001,2.400000095
,,,,
,2019-09-18 20:34,,0.200000003,10.69999981
,,,,
,2016-12-18 20:22,,-0.300000012,1.200000048
,,,,
,2019-05-12 2:26,,0,0.600000024
,,,,
,2018-01-18 4:39,,0,1.399999976
,,,,
,2017-12-29 22:19,,0,3.099999905
,,,,
,2019-04-23 23:28,,0,1.899999976
,,,,
,2017-03-15 22:46,,0,2.099999905
,,,,
,2018-03-12 20:19,,0,0.600000024
,,,,
,2019-03-18 0:37,,-0.100000001,11.30000019
,,,,
,2017-07-25 15:45,,-0.300000012,1.600000024
,,,,
,2018-02-22 4:28,,0,0
,,,,
,2019-06-21 16:48,,-0.100000001,0.400000006
,,,,
,2018-02-28 16:46,,0,2.599999905
,,,,
,2019-08-26 21:51,,-0.200000003,2.299999952
,,,,
,2018-02-20 2:16,,0.100000001,1.200000048
,,,,
,2018-01-30 19:29,,0,1.799999952
,,,,
,2017-05-23 19:01,,0,2.799999952
,,,,
,2017-07-20 16:13,,-0.200000003,1.799999952
,,,,
,2016-03-14 21:41,,-0.100000001,1.299999952
,,,,
,2018-08-27 3:55,,0,3.599999905
,,,,
,2019-07-29 1:50,,0,1.5
,,,,
,2019-08-09 12:32,,0,1.899999976
,,,,
,2019-06-11 21:06,,0.200000003,2.099999905
,,,,
,2016-05-03 14:54,,0,3.5
,,,,
,2017-01-08 11:29,,0,1.399999976
,,,,
,2018-05-11 6:18,,0.100000001,1.100000024
,,,,
,2016-09-11 22:31,,-0.100000001,2.900000095
,,,,
,2016-05-06 6:50,,-0.400000006,4.400000095
,,,,
,2019-02-25 20:21,,-0.100000001,2.099999905
,,,,
,2019-01-31 11:42,,-0.100000001,2.400000095
,,,,
,2018-06-28 14:40,,-0.400000006,2.5
,,,,
,2019-04-10 5:48,,0,1.799999952
,,,,
,2018-01-22 12:57,,0,6.099999905
,,,,
,2018-01-08 10:49,,0,4
,,,,
,2017-08-02 8:00,,0,1.399999976
,,,,
,2016-12-14 7:05,,0.100000001,1
,,,,
,2019-03-27 6:14,,-0.200000003,4.800000191
,,,,
,2018-12-06 18:32,,0,2.400000095
,,,,
,2018-11-22 1:52,,0,2.099999905
,,,,
,2015-10-22 3:43,,-0.100000001,4.699999809
,,,,
,2018-08-01 19:53,,0,13.10000038
,,,,
,2018-07-14 7:04,,0,0.100000001
,,,,
,2018-03-18 3:04,,-0.100000001,0.5
,,,,
,2019-02-20 3:44,,0.100000001,1.799999952
,,,,
,2019-07-24 14:51,,0.100000001,0.400000006
,,,,
,2018-06-14 2:21,,0,0.100000001
,,,,
,2017-07-19 2:51,,-0.400000006,3.799999952
,,,,
,2016-06-20 13:53,,-0.200000003,3.299999952
,,,,
,2016-04-11 19:28,,0,1.5
,,,,
,2016-12-29 19:20,,0,1.5
,,,,
,2018-04-14 22:50,,0,2.599999905
,,,,
,2019-03-12 19:58,,0,1.799999952
,,,,
,2018-05-01 10:58,,0.100000001,0.699999988
,,,,
,2017-02-04 7:16,,0,2.400000095
,,,,
,2017-05-23 1:13,,-0.200000003,5
,,,,
,2017-05-21 4:58,,-0.100000001,3.099999905
,,,,
,2017-12-06 19:24,,0,0.5
,,,,
,2017-01-01 18:23,,-0.200000003,8.899999619
,,,,
,2018-07-10 1:43,,0,0
,,,,
,2018-02-14 6:25,,0.100000001,1
,,,,
,2019-01-21 21:49,,-0.300000012,4.400000095
,,,,
,2018-08-30 16:22,,-0.100000001,1.600000024
,,,,
,2018-11-28 4:00,,0,2.099999905
,,,,
,2019-05-17 17:18,,0,3
,,,,
,2019-07-09 7:10,,0.100000001,2.200000048
,,,,
,2019-09-10 7:18,,-0.200000003,1.200000048
,,,,
,2016-12-14 1:30,,-0.100000001,2.5
,,,,
,2016-01-07 22:11,,-0.100000001,5.300000191
,,,,
,2018-04-26 23:47,,-0.300000012,2.200000048
,,,,
,2017-07-02 4:54,,-0.200000003,6.199999809
,,,,
,2019-07-04 2:33,,0.300000012,1.899999976
,,,,
,2017-06-20 7:06,,-0.200000003,1.5
,,,,
,2018-12-18 23:41,,0,0.5
,,,,
,2017-06-08 19:21,,0.300000012,1.799999952
,,,,
,2018-01-07 23:31,,0,0.400000006
,,,,
,2019-02-19 16:58,,0,2
,,,,
,2019-07-16 21:08,,0.100000001,3.700000048
,,,,
,2017-10-05 3:01,,0,0.400000006
,,,,
,2018-07-22 1:07,,0,0.699999988
,,,,
,2019-08-01 9:42,,-0.100000001,1.5
,,,,
,2019-06-02 16:23,,0,1
,,,,
,2019-04-15 7:46,,-0.300000012,2.799999952
,,,,
,2018-06-05 4:57,,0,1.799999952
,,,,
,2019-01-17 2:02,,0.300000012,1.799999952
,,,,
,2018-06-07 19:17,,-0.200000003,0.600000024
,,,,
,2016-03-31 23:09,,-0.200000003,0.899999976
,,,,
,2018-02-26 5:25,,-0.100000001,2.599999905
,,,,
,2018-02-27 7:38,,-0.200000003,2.200000048
,,,,
,2019-07-06 23:26,,0,0.899999976
,,,,
,2019-03-13 16:45,,-0.100000001,0.600000024
,,,,
,2019-05-21 22:25,,0.100000001,1.399999976
,,,,
,2018-05-09 1:17,,0,0
,,,,
,2017-11-14 23:40,,-0.100000001,0.899999976
,,,,
,2018-07-16 7:44,,0,0.800000012
,,,,
,2016-06-13 6:27,,0.200000003,1.100000024
,,,,
,2018-06-22 0:20,,0,0.699999988
,,,,
,2018-08-22 20:52,,-0.100000001,1.700000048
,,,,
,2017-12-15 5:47,,0,1.600000024
,,,,
,2018-03-03 21:00,,0,3.400000095
,,,,
,2019-01-25 1:08,,-0.300000012,2.099999905
,,,,
,2016-08-31 12:15,,-0.200000003,1.200000048
,,,,
,2016-03-30 3:23,,0.100000001,1.799999952
,,,,
,2017-11-05 21:29,,0,0.899999976
,,,,
,2016-04-03 23:35,,0,2
,,,,
,2016-11-22 12:43,,0.200000003,2.099999905
,,,,
,2018-08-16 19:57,,0.100000001,1.100000024
,,,,
,2018-05-29 19:52,,0,0.200000003
,,,,
,2016-06-06 22:30,,0,0.200000003
,,,,
,2017-01-11 6:03,,0,0.200000003
,,,,
,2018-05-08 20:42,,-0.100000001,1.200000048
,,,,
,2018-11-27 17:03,,-0.200000003,1.5
,,,,
,2017-11-01 11:35,,-0.100000001,3.700000048
,,,,
,2017-10-06 1:38,,-0.100000001,2.5
,,,,
,2018-02-19 4:17,,0,0.600000024
,,,,
,2017-05-01 18:32,,-0.600000024,3.200000048
,,,,
,2016-05-19 17:25,,-0.100000001,1.100000024
,,,,
,2017-12-13 15:55,,0.100000001,0.100000001
,,,,
,2016-09-22 21:25,,-0.300000012,1.700000048
,,,,
,2019-03-26 17:37,,0.100000001,2.400000095
,,,,
,2016-09-26 19:13,,-0.200000003,3.099999905
,,,,
,2017-10-20 19:07,,0,1.200000048
,,,,
,2016-11-21 21:30,,-0.400000006,2.099999905
,,,,
,2019-04-19 7:19,,0.100000001,0.699999988
,,,,
,2019-01-04 22:10,,0.200000003,0.800000012
,,,,
,2017-12-18 7:23,,-0.100000001,1.600000024
,,,,
,2019-10-14 19:20,,-0.100000001,0.800000012
,,,,
,2019-09-07 6:41,,0.100000001,0.699999988
,,,,
,2018-05-04 13:33,,-0.5,3.299999952
,,,,
,2012-08-10 3:52,,-0.100000001,7.900000095
,,,,
,2016-09-16 18:09,,0.5,0.5
,,,,
,2018-12-28 2:35,,0.100000001,0.100000001
,,,,
,2015-06-24 19:02,,-0.100000001,0.699999988
,,,,
,2016-11-23 5:52,,0,0.300000012
,,,,
,2018-12-27 14:12,,0,0
,,,,
,2016-09-20 16:46,,-0.100000001,0.100000001
,,,,
,2014-08-20 7:36,,0.200000003,1.899999976
,,,,
,2017-04-10 23:41,,-0.100000001,8.600000381
,,,,
,2018-01-15 17:24,,-0.200000003,2.299999952
,,,,
,2017-05-02 17:57,,0.200000003,5.800000191
,,,,
,2015-01-09 3:16,,-0.100000001,30.29999924
,,,,
,2018-09-25 18:45,,0.400000006,3.200000048
,,,,
,2018-01-24 2:13,,-0.100000001,5.5
,,,,
,2013-09-01 3:57,,0.300000012,0.300000012
,,,,
,2016-10-04 19:25,,0.100000001,15.89999962
,,,,
,2013-08-19 12:12,,0.300000012,7.800000191
,,,,
,2019-06-12 19:31,,-0.100000001,1.100000024
,,,,
,2019-07-16 21:10,,0,2.200000048
,,,,
,2017-04-27 14:17,,-0.699999988,0.699999988
,,,,
,2011-09-27 7:48,,0,2.400000095
,,,,
,2015-09-10 23:20,,-0.100000001,2.200000048
,,,,
,2016-02-25 4:25,,0,2.099999905
,,,,
,2012-05-16 16:45,,-0.100000001,5.599999905
,,,,
,2016-04-10 6:50,,0,1.399999976
,,,,
,2019-08-08 22:45,,-0.400000006,9.899999619
,,,,
,2015-12-01 19:52,,0.100000001,3.799999952
,,,,
,2016-09-29 21:54,,0,6
,,,,
,2016-11-12 20:17,,0.400000006,3.299999952
,,,,
,2018-05-08 7:51,,0,2.200000048
,,,,
,2018-10-28 2:11,,0,2.5
,,,,
,2016-06-22 21:58,,0.200000003,3.400000095
,,,,
,2017-02-17 10:13,,0.5,7
,,,,
,2019-04-13 23:14,,-0.100000001,4.699999809
,,,,
,2014-10-21 6:16,,0.100000001,5.300000191
,,,,
,2017-12-10 23:40,,0,3.099999905
,,,,
,2019-06-01 20:35,,-0.200000003,7.5
,,,,
,2015-11-07 1:35,,0.100000001,4.300000191
,,,,
,2017-08-17 17:26,,0.200000003,3.400000095
,,,,
,2015-11-07 23:47,,0.200000003,2
,,,,
,2016-11-27 2:17,,0.200000003,5.800000191
,,,,
,2011-03-29 1:32,,0.100000001,2.700000048
,,,,
,2015-03-11 18:21,,0,2.900000095
,,,,
,2017-05-17 22:31,,0.100000001,12.60000038
,,,,
,2016-10-24 6:13,,0,4.300000191
,,,,
,2018-08-05 18:20,,-0.200000003,1.200000048
,,,,
,2017-09-01 15:12,,-0.300000012,8
,,,,
,2018-04-05 9:32,,0.100000001,2.200000048
,,,,
,2019-08-22 5:41,,0,1.200000048
,,,,
,2016-12-10 0:58,,-0.300000012,4.900000095
,,,,
,2018-06-18 12:51,,0,11.89999962
,,,,
,2017-10-07 16:12,,0.300000012,8.600000381
,,,,
,2012-02-11 11:17,,0,35.09999847
,,,,
,2018-11-26 20:43,,0.200000003,11.10000038
,,,,
,2013-07-25 18:04,,0.100000001,3.299999952
,,,,
,2011-01-05 22:34,,0.200000003,5.599999905
,,,,
,2018-10-29 6:47,,-0.100000001,2.099999905
,,,,
,2017-08-19 4:57,,-0.100000001,1.399999976
,,,,
,2017-05-11 23:45,,0.200000003,1.399999976
,,,,
,2019-05-24 8:40,,-0.200000003,3.599999905
,,,,
,2015-08-26 7:06,,0.100000001,2
,,,,
,2017-04-16 14:30,,0,5.699999809
,,,,
,2019-05-13 11:50,,-0.100000001,1
,,,,
,2018-04-24 19:49,,0,0.5
,,,,
,2017-07-21 18:40,,-0.100000001,2
,,,,
,2018-05-21 5:05,,0,2
,,,,
,2013-09-05 21:40,,-0.100000001,3.5
,,,,
,2019-07-12 12:01,,0.400000006,0.800000012
,,,,
,2018-04-20 18:28,,0.100000001,31.39999962
,,,,
,2017-08-12 21:53,,0,0.5
,,,,
,2019-02-11 2:32,,0,1.5
,,,,
,2018-05-25 9:05,,0.200000003,5.199999809
,,,,
,2019-05-26 6:17,,0,0.600000024
,,,,
,2017-06-04 21:33,,0,0.400000006
,,,,
,2017-12-03 21:26,,0.100000001,1.700000048
,,,,
,2019-09-27 6:09,,0,2.599999905
,,,,
,2016-03-27 22:36,,0.200000003,2.799999952
,,,,
,2018-12-08 5:36,,0,2.799999952
,,,,
,2018-12-24 15:30,,0,0.100000001
,,,,
,2014-09-23 6:23,,0.100000001,4.800000191
,,,,
,2016-11-10 17:52,,0,2.200000048
,,,,
,2017-06-04 19:01,,0.200000003,6.800000191
,,,,
,2018-02-23 7:40,,-0.5,1.5
,,,,
,2014-01-18 12:32,,0,6.800000191
,,,,
,2017-02-24 23:39,,0.200000003,1.100000024
,,,,
,2019-05-13 5:02,,-0.200000003,1.899999976
,,,,
,2017-06-03 21:29,,0,1.299999952
,,,,
,2011-06-27 20:21,,-0.300000012,4.699999809
,,,,
,2019-07-19 20:04,,-0.100000001,2
,,,,
,2019-03-05 23:31,,0,7.5
,,,,
,2016-05-27 20:16,,0.300000012,0.300000012
,,,,
,2015-10-15 17:52,,-0.200000003,1.100000024
,,,,
,2014-07-14 6:47,,0.100000001,8.600000381
,,,,
,2017-08-02 20:42,,0,1.100000024
,,,,
,2019-01-17 3:41,,0,2.5
,,,,
,2018-06-23 22:45,,0.100000001,4.099999905
,,,,
,2014-01-12 19:21,,0,7.900000095
,,,,
,2018-04-13 6:28,,0.200000003,1.399999976
,,,,
,2018-07-31 5:34,,-0.300000012,3
,,,,
,2017-04-01 6:21,,-0.200000003,3.400000095
,,,,
,2019-10-24 19:19,,0,1.799999952
,,,,
,2019-04-08 3:51,,0.100000001,1.5
,,,,
,2016-12-03 19:32,,0.100000001,8.899999619
,,,,
,2018-04-20 1:05,,0.200000003,5.400000095
,,,,
,2014-04-24 1:13,,0,3.700000048
,,,,
,2015-07-04 4:03,,0,2.099999905
,,,,
,2012-03-15 3:22,,0.200000003,2.099999905
,,,,
,2016-09-01 17:52,,0,3.099999905
,,,,
,2017-12-16 5:56,,-0.200000003,2
,,,,
,2014-10-06 15:34,,-0.100000001,4.599999905
,,,,
,2016-04-25 16:00,,0,0.600000024
,,,,
,2011-08-02 22:38,,0.100000001,1.399999976
,,,,
,2018-07-13 23:57,,-0.100000001,0.600000024
,,,,
,2017-09-25 12:07,,-0.100000001,2.099999905
,,,,
,2016-12-21 22:00,,0.200000003,2.5
,,,,
,2014-06-25 0:37,,0,2.099999905
,,,,
,2017-10-25 0:07,,0.100000001,1.799999952
,,,,
,2018-08-04 2:28,,0,0.200000003
,,,,
,2019-06-20 3:22,,-0.300000012,1.700000048
,,,,
,2019-02-18 21:04,,0,3.099999905
,,,,
,2016-05-27 22:14,,0.100000001,0.200000003
,,,,
,2015-10-09 5:38,,0.300000012,3.200000048
,,,,
,2019-07-13 17:28,,0,1.899999976
,,,,
,2018-07-27 22:35,,-0.100000001,4.5
,,,,
,2019-05-28 2:05,,-0.400000006,1.200000048
,,,,
,2013-04-19 2:30,,0.100000001,3.700000048
,,,,
,2019-09-11 2:06,,0.200000003,2
,,,,
,2013-09-25 8:09,,0.100000001,9.399999619
,,,,
,2016-02-07 3:32,,-0.200000003,0.800000012
,,,,
,2014-05-14 19:47,,-0.200000003,0.800000012
,,,,
,2015-08-15 19:33,,0,6.5
,,,,
,2018-08-03 18:58,,0.200000003,3.799999952
,,,,
,2014-10-30 22:29,,0,1.700000048
,,,,
,2017-06-25 2:59,,0.100000001,9.899999619
,,,,
,2012-10-27 22:47,,0,2.700000048
,,,,
,2018-12-04 11:42,,0,4.699999809
,,,,
,2018-07-07 21:03,,-0.300000012,5.699999809
,,,,
,2017-09-28 18:07,,0,29.10000038
,,,,
,2013-02-27 7:08,,0.300000012,7.599999905
,,,,
,2019-03-26 18:46,,0,9.5
,,,,
,2017-03-30 15:58,,0.100000001,1.100000024
,,,,
,2019-05-26 21:05,,0,1.5
,,,,
,2017-12-09 1:30,,-0.200000003,4
,,,,
,2018-04-04 17:16,,0,2.900000095
,,,,
,2019-08-05 2:34,,0,0.600000024
,,,,
,2012-07-21 21:32,,0,2
,,,,
,2018-05-09 10:37,,-0.200000003,3.5
,,,,
,2013-01-30 2:55,,0.100000001,1
,,,,
,2014-12-31 18:51,,-0.100000001,18.39999962
,,,,
,2011-12-30 16:41,,-0.300000012,0.300000012
,,,,
,2019-02-04 23:17,,0.300000012,8.699999809
,,,,
,2013-08-27 4:31,,-0.100000001,0.100000001
,,,,
,2019-06-10 0:56,,0,1.700000048
,,,,
,2017-12-25 9:58,,0,2.099999905
,,,,
,2011-08-30 4:09,,0,4.699999809
,,,,
,2019-04-23 19:45,,0.200000003,5.199999809
,,,,
,2019-04-11 15:29,,-0.200000003,8
,,,,
,2016-12-21 14:39,,-0.300000012,8.899999619
,,,,
,2019-07-01 9:32,,0.400000006,6.699999809
,,,,
,2013-03-02 15:44,,0.200000003,1.299999952
,,,,
,2017-05-25 7:12,,0,0.800000012
,,,,
,2015-08-30 18:41,,0.300000012,13.19999981
,,,,
,2019-01-24 22:33,,0.200000003,3.700000048
,,,,
,2016-10-30 12:02,,0.400000006,6.199999809
,,,,
,2018-12-26 4:47,,0.100000001,1.799999952
,,,,
,2018-05-08 21:40,,0.100000001,0.5
,,,,
,2018-03-19 0:43,,0.400000006,10.69999981
,,,,
,2013-05-30 1:50,,0.400000006,1.700000048
,,,,
,2018-11-21 17:32,,0.100000001,9.199999809
,,,,
,2019-07-17 21:38,,-0.100000001,2.400000095
,,,,
,2015-01-07 1:12,,-0.100000001,1.899999976
,,,,
,2016-09-18 6:58,,0,0.600000024
,,,,
,2016-08-08 4:38,,-0.100000001,3.099999905
,,,,
,2016-06-21 17:53,,0,0.600000024
,,,,
,2014-08-14 13:46,,0,3.299999952
,,,,
,2016-07-20 23:01,,0.100000001,8
,,,,
,2015-05-14 17:25,,-0.100000001,2.700000048
,,,,
,2019-10-03 3:15,,0.200000003,88.5
,,,,
,2018-03-01 3:10,,-0.200000003,3.5
,,,,
,2017-12-14 19:34,,0.300000012,2.099999905
,,,,
,2014-07-20 5:06,,0.200000003,6.199999809
,,,,
,2012-01-04 1:39,,0.300000012,12
,,,,
,2018-03-14 0:00,,0,1.899999976
,,,,
,2018-02-23 9:08,,0,3.099999905
,,,,
,2013-11-04 7:07,,0,1.299999952
,,,,
,2015-12-09 20:05,,0,1.700000048
,,,,
,2017-06-29 16:05,,0.100000001,1.200000048
,,,,
,2018-12-12 18:12,,0,0.200000003
,,,,
,2016-03-17 20:12,,0.100000001,1.700000048
,,,,
,2019-10-10 13:01,,0,0.899999976
,,,,
,2018-11-04 19:04,,0.100000001,4.900000095
,,,,
,2019-07-03 20:11,,0,2.400000095
,,,,
,2017-08-20 8:23,,0.300000012,3.799999952
,,,,
,2018-03-08 17:35,,0.100000001,7.400000095
,,,,
,2016-01-12 2:52,,-0.100000001,2.599999905
,,,,
,2014-05-01 8:02,,0.100000001,3.700000048
,,,,
,2018-10-28 22:59,,0,1.600000024
,,,,
,2017-12-28 23:09,,0,5.199999809
,,,,
,2015-10-01 3:50,,-0.5,1.600000024
,,,,
,2016-01-08 19:29,,0.200000003,5.5
,,,,
,2016-04-17 7:31,,-0.100000001,1.399999976
,,,,
,2014-04-24 0:22,,0.200000003,8.800000191
,,,,
,2017-11-27 21:40,,0.300000012,3.900000095
,,,,
,2017-06-01 23:00,,-0.400000006,2.299999952
,,,,
,2013-12-30 22:01,,0.300000012,2.900000095
,,,,
,2018-06-11 10:48,,0,2.700000048
,,,,
,2018-12-20 16:47,,-0.100000001,7.900000095
,,,,
,2017-05-17 2:20,,0.300000012,4.699999809
,,,,
,2017-11-15 3:00,,0.100000001,4.699999809
,,,,
,2016-04-13 14:06,,0.400000006,2.200000048
,,,,
,2016-06-29 4:12,,0.300000012,8.100000381
,,,,
,2018-03-19 17:09,,0.300000012,1.299999952
,,,,
,2016-10-21 23:37,,-0.100000001,1.799999952
,,,,
,2014-07-22 11:24,,0.100000001,1.100000024
,,,,
,2018-08-07 0:45,,0.100000001,22.39999962
,,,,
,2016-10-31 22:40,,-0.200000003,3.200000048
,,,,
,2018-05-06 5:31,,0,5.199999809
,,,,
,2012-09-11 23:38,,0,0.699999988
,,,,
,2019-08-16 4:14,,-0.200000003,1
,,,,
,2018-12-01 20:41,,0,6.199999809
,,,,
,2017-02-17 0:42,,0,0
,,,,
,2018-07-30 5:07,,-0.100000001,4.400000095
,,,,
,2015-09-09 22:24,,0,12.30000019
,,,,
,2017-01-22 21:01,,-0.300000012,7.199999809
,,,,
,2014-12-04 6:01,,0,2.900000095
,,,,
,2018-06-29 17:25,,-0.200000003,0.400000006
,,,,
,2015-05-13 6:53,,-0.100000001,1.5
,,,,
,2016-02-29 2:35,,0.100000001,3
,,,,
,2015-06-21 10:13,,0.100000001,2.5
,,,,
,2013-01-11 23:03,,0.100000001,3.799999952
,,,,
,2012-10-18 6:46,,0,0.100000001
,,,,
,2018-02-21 1:49,,-0.100000001,2
,,,,
,2015-09-02 18:44,,0,0.899999976
,,,,
,2015-07-05 2:39,,0,3.099999905
,,,,
,2010-10-16 7:41,,0,0.100000001
,,,,
,2017-04-10 16:48,,-0.300000012,7.800000191
