tweetID,TimeStamp,Text,Sentiment,Emphasis
,created,,0.0,0.0
,2019-05-05 19:20:33,,-0.5,3.0
,2019-07-27 03:47:01,,0.20000000298023224,1.7000000476837158
,2015-06-20 20:35:22,,0.30000001192092896,3.9000000953674316
,2016-11-10 06:11:42,,-0.30000001192092896,2.0
,2018-06-27 18:49:26,,0.10000000149011612,0.20000000298023224
,2019-09-21 08:33:51,,0.20000000298023224,0.6000000238418579
,2018-07-29 09:32:23,,-0.20000000298023224,0.20000000298023224
,2015-09-12 19:54:05,,-0.30000001192092896,1.7999999523162842
,2019-07-31 07:40:53,,0.0,0.0
,2017-11-02 19:26:46,,0.0,9.899999618530273
,2014-05-15 19:15:51,,-0.4000000059604645,11.100000381469727
,2018-11-25 19:13:57,,-0.10000000149011612,0.800000011920929
,2018-10-24 08:12:09,,0.0,2.5999999046325684
,2018-08-19 20:50:40,,-0.10000000149011612,8.800000190734863
,2018-08-07 05:34:35,,0.10000000149011612,1.100000023841858
,2019-08-23 07:50:24,,-0.10000000149011612,9.699999809265137
,2014-09-22 21:48:01,,-0.5,0.5
,2016-08-04 03:40:17,,0.0,0.0
,2018-10-19 10:03:20,,0.0,1.2999999523162842
,2019-06-30 07:50:41,,0.4000000059604645,0.800000011920929
,2018-06-28 00:28:28,,-0.8999999761581421,0.8999999761581421
,2019-07-17 15:55:06,,0.0,0.0
,2017-05-15 01:41:58,,-0.20000000298023224,0.20000000298023224
,2018-10-11 08:36:56,,0.4000000059604645,0.4000000059604645
,2014-10-03 00:24:04,,-0.20000000298023224,17.100000381469727
,2018-12-28 11:19:16,,0.0,0.0
,2013-12-20 20:51:08,,0.8999999761581421,0.8999999761581421
,2015-01-07 18:56:15,,0.30000001192092896,0.30000001192092896
,2019-10-01 04:56:29,,0.0,0.0
,2015-04-14 20:59:32,,-0.5,0.5
,2016-03-26 18:10:55,,0.10000000149011612,0.10000000149011612
,2019-01-12 03:18:54,,0.10000000149011612,3.0
,2014-04-24 15:35:51,,0.0,0.0
,2016-07-26 23:10:10,,0.0,0.0
,2016-11-15 13:50:40,,0.20000000298023224,0.20000000298023224
,2017-10-10 21:56:51,,0.0,11.699999809265137
,2013-05-30 22:34:26,,0.30000001192092896,0.6000000238418579
,2012-06-21 19:27:15,,0.4000000059604645,0.4000000059604645
,2017-05-31 21:28:03,,0.0,0.0
,2012-03-28 03:05:14,,0.4000000059604645,0.4000000059604645
,2014-09-19 09:40:07,,0.0,0.0
,2016-11-19 20:48:45,,0.10000000149011612,0.10000000149011612
,2018-07-11 00:50:52,,0.20000000298023224,0.20000000298023224
,2016-02-15 21:09:11,,0.20000000298023224,0.20000000298023224
,2016-10-04 23:04:13,,0.6000000238418579,0.6000000238418579
,2016-05-05 05:55:48,,0.0,0.0
,2015-01-31 19:33:48,,0.0,2.4000000953674316
,2018-06-25 07:50:25,,0.0,0.0
,2016-03-26 22:53:11,,0.0,0.0
,2015-11-26 04:59:11,,0.699999988079071,0.699999988079071
,2012-06-20 20:58:08,,-0.30000001192092896,0.699999988079071
,2015-07-01 22:20:48,,0.4000000059604645,0.4000000059604645
,2015-04-11 11:09:50,,0.30000001192092896,3.9000000953674316
,2016-03-28 23:48:59,,0.20000000298023224,0.20000000298023224
,2013-02-28 16:33:32,,-0.5,0.5
,2019-03-14 18:36:00,,0.0,0.4000000059604645
,2019-01-07 20:14:22,,0.0,0.0
,2015-09-22 07:11:04,,-0.20000000298023224,0.20000000298023224
,2019-07-27 07:15:19,,0.0,1.100000023841858
,2017-05-09 15:29:48,,-0.800000011920929,0.800000011920929
,2016-11-20 20:44:16,,0.0,0.0
,2012-10-30 03:28:37,,0.0,3.0
,2019-09-02 02:51:36,,-0.10000000149011612,0.10000000149011612
,2018-09-16 01:18:18,,0.4000000059604645,2.0
,2016-08-12 18:13:06,,0.10000000149011612,0.10000000149011612
,2019-07-15 12:52:55,,0.10000000149011612,0.10000000149011612
,2016-03-26 03:13:27,,-0.20000000298023224,0.699999988079071
,2012-03-30 21:45:15,,0.30000001192092896,0.30000001192092896
,2018-01-14 15:07:00,,0.10000000149011612,0.10000000149011612
,2019-02-11 04:15:56,,0.0,2.700000047683716
,2019-03-18 04:43:22,,0.0,1.7999999523162842
,2012-07-20 05:21:51,,-0.20000000298023224,0.20000000298023224
,2016-03-23 23:56:27,,0.0,0.0
,2017-04-06 01:04:09,,0.10000000149011612,0.10000000149011612
,2013-06-05 21:34:20,,-0.10000000149011612,0.10000000149011612
,2018-08-21 11:43:25,,-0.30000001192092896,2.4000000953674316
,2012-03-29 01:28:47,,-0.699999988079071,0.699999988079071
,2017-03-28 22:35:25,,-0.30000001192092896,0.30000001192092896
,2013-05-28 06:56:47,,0.0,0.0
,2016-05-05 03:32:50,,0.4000000059604645,0.4000000059604645
,2018-12-28 11:14:49,,0.0,0.0
,2018-07-16 02:24:23,,-0.6000000238418579,0.6000000238418579
,2014-01-15 20:27:58,,0.0,1.899999976158142
,2019-04-29 18:08:58,,0.10000000149011612,1.2999999523162842
,2014-09-19 17:53:36,,-0.10000000149011612,0.10000000149011612
,2016-04-19 23:50:38,,0.0,0.30000001192092896
,2019-08-27 22:44:37,,0.6000000238418579,0.6000000238418579
,2017-02-22 00:28:55,,0.20000000298023224,0.20000000298023224
,2018-05-03 12:45:52,,0.10000000149011612,0.10000000149011612
,2015-12-06 04:47:42,,0.10000000149011612,0.10000000149011612
,2012-04-09 05:52:17,,0.4000000059604645,0.800000011920929
,2019-02-25 18:54:26,,0.0,0.5
,2018-03-10 22:49:30,,0.10000000149011612,0.10000000149011612
,2019-04-26 07:24:34,,0.800000011920929,0.800000011920929
,2016-04-07 22:36:34,,0.0,2.200000047683716
,2015-04-02 01:39:10,,-0.8999999761581421,0.8999999761581421
,2012-06-22 22:06:37,,-0.10000000149011612,0.30000001192092896
,2015-03-14 20:45:53,,-0.30000001192092896,2.0
,2019-06-28 06:50:57,,0.0,0.0
,2018-12-18 20:05:13,,0.10000000149011612,0.10000000149011612
,2018-07-09 17:20:07,,0.0,7.800000190734863
,2017-09-27 17:20:24,,0.8999999761581421,0.8999999761581421
,2018-09-25 08:00:19,,0.0,0.10000000149011612
,2019-02-17 08:44:48,,0.20000000298023224,0.20000000298023224
,2014-06-07 12:13:00,,0.0,0.0
,2019-04-10 06:38:57,,0.0,0.0
,2009-12-29 08:02:15,,0.20000000298023224,1.7999999523162842
,2017-03-31 11:57:32,,0.0,4.199999809265137
,2015-11-24 06:12:39,,0.30000001192092896,1.0
,2019-03-21 03:41:14,,-0.800000011920929,0.800000011920929
,2018-09-03 22:29:50,,0.0,0.0
,2015-09-14 22:27:31,,0.10000000149011612,0.10000000149011612
,2012-04-19 17:25:39,,0.4000000059604645,0.4000000059604645
,2017-01-24 23:21:01,,-0.10000000149011612,0.8999999761581421
,2017-08-21 14:30:06,,0.0,10.300000190734863
,2016-04-28 02:51:07,,0.30000001192092896,0.30000001192092896
,2017-06-01 18:29:47,,0.699999988079071,0.699999988079071
,2014-07-04 08:12:38,,0.20000000298023224,0.20000000298023224
,2019-04-20 20:56:02,,0.10000000149011612,1.5
,2019-10-19 03:03:53,,-0.10000000149011612,0.10000000149011612
,2018-07-12 00:18:00,,0.0,0.0
,2019-01-04 00:17:27,,0.4000000059604645,0.4000000059604645
,2019-07-28 14:00:25,,0.20000000298023224,0.20000000298023224
,2017-03-20 17:41:23,,0.0,0.0
,2013-12-24 21:44:03,,0.0,0.10000000149011612
,2014-04-01 13:33:18,,0.4000000059604645,0.8999999761581421
,2018-07-04 02:10:08,,0.0,0.0
,2018-05-30 16:22:15,,0.10000000149011612,0.30000001192092896
,2017-12-28 01:01:01,,0.0,1.0
,2012-06-14 04:14:50,,0.20000000298023224,0.20000000298023224
,2014-12-30 20:36:21,,-0.20000000298023224,1.7000000476837158
,2016-07-26 17:09:34,,0.4000000059604645,0.4000000059604645
,2018-06-23 01:40:08,,0.10000000149011612,0.30000001192092896
,2019-06-26 00:38:39,,0.0,0.0
,2018-07-29 10:10:29,,0.30000001192092896,1.899999976158142
,2018-02-15 15:31:51,,0.0,0.0
,2013-08-03 09:57:24,,-0.10000000149011612,0.4000000059604645
,2015-05-13 06:57:45,,0.0,0.0
,2012-06-02 15:17:25,,0.0,0.0
,2019-01-05 02:22:13,,0.20000000298023224,0.20000000298023224
,2019-03-21 17:00:00,,0.0,0.0
,2013-08-05 19:33:46,,0.20000000298023224,0.20000000298023224
,2015-06-12 18:10:31,,0.0,0.0
,2014-09-19 00:58:29,,0.0,0.0
,2014-07-25 10:44:55,,0.800000011920929,0.800000011920929
,2018-07-19 19:57:22,,0.0,0.0
,2012-08-09 16:09:48,,0.0,0.0
,2013-11-21 03:17:37,,0.30000001192092896,0.30000001192092896
,2019-02-12 23:47:08,,0.0,0.0
,2013-06-26 22:38:08,,-0.30000001192092896,0.30000001192092896
,2019-10-18 07:20:32,,0.0,0.0
,2013-09-19 21:36:18,,0.800000011920929,0.800000011920929
,2012-07-04 17:24:24,,-0.20000000298023224,0.20000000298023224
,2019-08-22 08:52:16,,0.0,0.0
,2015-01-07 19:06:15,,0.30000001192092896,0.30000001192092896
,2017-08-22 13:07:02,,0.0,0.0
,2018-10-02 22:56:25,,0.20000000298023224,2.9000000953674316
,2019-08-22 08:42:16,,0.0,0.0
,2016-11-14 20:12:02,,0.0,0.0
,2019-03-23 02:44:19,,0.0,0.0
,2018-07-29 09:31:46,,-0.20000000298023224,0.20000000298023224
,2016-01-27 03:59:05,,0.4000000059604645,0.4000000059604645
,2018-08-17 14:41:39,,0.30000001192092896,6.099999904632568
,2014-05-18 22:35:19,,-0.10000000149011612,0.30000001192092896
,2017-10-06 03:49:38,,0.10000000149011612,0.10000000149011612
,2014-08-09 07:53:00,,0.20000000298023224,1.0
,2013-06-18 00:06:55,,0.0,0.0
,2017-12-09 01:59:00,,0.20000000298023224,1.600000023841858
,2014-08-18 14:45:43,,0.10000000149011612,0.10000000149011612
,2015-03-05 05:31:54,,0.10000000149011612,0.10000000149011612
,2014-04-22 23:17:57,,0.0,0.0
,2018-07-30 23:26:43,,0.0,0.0
,2019-07-21 07:04:53,,0.0,0.0
,2013-10-24 03:11:39,,0.0,0.0
,2018-08-16 00:54:06,,0.0,0.0
,2013-04-23 07:15:07,,0.0,2.4000000953674316
,2014-08-05 00:49:22,,0.0,0.0
,2018-05-18 05:10:28,,0.0,0.0
,2019-08-12 05:43:00,,0.0,0.0
,2014-11-10 18:46:01,,0.20000000298023224,0.20000000298023224
,2012-09-17 02:24:09,,0.0,0.0
,2019-09-29 13:18:24,,0.0,0.0
,2012-01-02 01:46:14,,-0.10000000149011612,0.10000000149011612
,2018-06-19 06:33:57,,0.10000000149011612,0.20000000298023224
,2012-06-19 04:44:49,,0.0,0.0
,2016-04-10 21:08:19,,0.0,1.2000000476837158
,2012-03-12 23:01:47,,0.4000000059604645,0.4000000059604645
,2019-07-28 19:46:27,,0.20000000298023224,0.4000000059604645
,2019-10-27 06:31:19,,0.0,0.0
,2014-07-23 13:17:10,,0.0,0.0
,2012-03-29 20:06:12,,0.0,0.0
,2012-08-06 23:26:40,,0.0,0.0
,2018-02-03 07:18:57,,0.4000000059604645,1.2000000476837158
,2012-03-29 10:41:53,,0.0,0.0
,2014-09-24 05:06:32,,0.30000001192092896,0.30000001192092896
,2018-10-24 02:41:03,,0.0,0.0
,2019-01-14 00:16:56,,0.10000000149011612,0.10000000149011612
,2018-03-16 15:01:35,,0.0,0.10000000149011612
,2016-11-11 08:09:01,,0.0,0.0
,2013-06-07 17:16:26,,-0.10000000149011612,0.10000000149011612
,2018-07-25 22:57:45,,0.4000000059604645,0.4000000059604645
,2018-08-07 00:09:19,,0.10000000149011612,0.10000000149011612
,2014-04-22 23:04:51,,0.5,0.5
,2019-02-10 00:46:03,,0.0,99.9000015258789
,2016-03-18 18:56:16,,0.20000000298023224,22.899999618530273
,2019-06-19 07:05:46,,0.10000000149011612,8.0
,2018-04-11 08:58:25,,-0.10000000149011612,4.300000190734863
,2017-02-10 08:47:18,,0.0,23.5
,2018-09-27 03:48:47,,0.10000000149011612,3.4000000953674316
,2016-07-02 01:47:30,,0.30000001192092896,0.30000001192092896
,2018-11-10 15:36:17,,0.30000001192092896,4.699999809265137
,2017-12-08 23:38:31,,0.0,7.300000190734863
,2019-01-02 07:53:54,,0.30000001192092896,6.0
,2017-10-03 20:20:44,,0.10000000149011612,1.100000023841858
,2015-10-05 23:22:11,,0.0,1.899999976158142
,2016-03-10 16:00:58,,0.0,55.900001525878906
,2018-01-29 00:18:08,,0.0,43.900001525878906
,2019-05-27 14:47:10,,0.10000000149011612,2.0999999046325684
,2017-02-23 14:28:49,,0.10000000149011612,1.5
,2017-08-22 20:07:18,,0.0,1.899999976158142
,2019-03-08 05:47:32,,0.0,6.099999904632568
,2016-07-08 19:04:47,,0.20000000298023224,2.200000047683716
,2016-06-28 19:42:39,,-0.10000000149011612,0.10000000149011612
,2019-05-13 02:44:07,,0.10000000149011612,5.400000095367432
,2019-07-07 06:00:20,,0.10000000149011612,5.699999809265137
,2018-08-01 21:06:49,,0.10000000149011612,6.0
,2016-08-24 06:31:11,,0.10000000149011612,5.400000095367432
,2017-02-07 22:12:06,,0.10000000149011612,1.2000000476837158
,2018-08-31 03:48:29,,-0.10000000149011612,3.5999999046325684
,2019-08-22 00:18:05,,-0.30000001192092896,1.0
,2015-09-18 09:10:21,,0.10000000149011612,19.600000381469727
,2018-12-12 21:48:20,,0.10000000149011612,5.699999809265137
,2018-05-23 23:39:59,,0.0,12.699999809265137
,2016-06-22 21:37:52,,0.0,3.0
,2017-04-10 07:05:39,,0.10000000149011612,2.5
,2018-02-18 16:58:35,,0.0,1.100000023841858
,2018-03-01 10:14:02,,0.30000001192092896,0.8999999761581421
,2018-08-02 07:52:48,,0.0,3.0999999046325684
,2017-10-05 22:48:26,,0.20000000298023224,1.2999999523162842
,2019-06-06 19:27:28,,0.20000000298023224,5.699999809265137
,2016-06-14 21:09:54,,0.10000000149011612,4.199999809265137
,2018-10-24 17:11:57,,-0.5,3.200000047683716
,2017-08-23 21:36:30,,0.10000000149011612,1.899999976158142
,2018-09-27 10:14:28,,0.10000000149011612,3.700000047683716
,2017-01-13 04:17:24,,0.0,2.5999999046325684
,2019-09-23 03:58:53,,0.10000000149011612,6.300000190734863
,2019-09-03 02:22:12,,0.0,4.5
,2019-10-01 17:41:36,,0.10000000149011612,0.5
,2016-08-18 01:04:48,,0.0,0.10000000149011612
,2018-08-22 22:20:33,,0.20000000298023224,4.0
,2018-03-16 06:33:54,,0.5,4.099999904632568
,2017-06-13 02:31:17,,0.0,3.5999999046325684
,2017-06-24 17:23:37,,0.20000000298023224,5.099999904632568
,2017-01-24 22:40:07,,0.0,3.200000047683716
,2019-07-15 03:00:04,,0.20000000298023224,1.7999999523162842
,2016-07-08 19:17:52,,0.10000000149011612,2.700000047683716
,2018-09-01 16:50:57,,0.20000000298023224,6.199999809265137
,2017-03-26 03:31:09,,0.20000000298023224,2.700000047683716
,2019-04-14 05:54:42,,0.10000000149011612,3.0999999046325684
,2016-06-16 03:05:48,,0.0,4.599999904632568
,2018-03-06 18:16:21,,0.20000000298023224,1.7000000476837158
,2015-09-29 19:31:57,,0.10000000149011612,3.5999999046325684
,2016-11-06 15:12:16,,0.0,2.5
,2017-11-24 15:46:24,,0.10000000149011612,2.0
,2016-10-05 19:42:40,,0.0,4.099999904632568
,2017-06-29 03:37:28,,0.20000000298023224,2.0999999046325684
,2016-06-09 18:53:31,,0.0,3.0
,2017-07-11 01:12:49,,0.10000000149011612,1.7999999523162842
,2016-07-19 06:15:33,,0.6000000238418579,5.0
,2018-11-20 11:05:06,,0.20000000298023224,2.0
,2018-09-16 04:06:12,,0.20000000298023224,6.0
,2018-09-11 00:24:13,,0.10000000149011612,38.099998474121094
,2017-11-17 20:54:39,,-0.4000000059604645,0.8999999761581421
,2019-07-29 01:30:05,,0.0,0.699999988079071
,2018-06-21 05:50:28,,0.10000000149011612,3.5999999046325684
,2017-11-15 03:24:12,,0.10000000149011612,2.5999999046325684
,2017-12-07 14:22:39,,0.0,1.7999999523162842
,2019-04-13 15:28:51,,-0.10000000149011612,2.4000000953674316
,2015-06-25 05:19:05,,0.30000001192092896,3.5999999046325684
,2019-09-23 01:04:32,,0.0,6.199999809265137
,2018-11-30 01:19:50,,0.0,2.799999952316284
,2016-10-17 19:15:36,,0.10000000149011612,7.300000190734863
,2019-03-13 18:19:26,,0.20000000298023224,5.599999904632568
,2016-10-03 02:48:40,,0.10000000149011612,4.099999904632568
,2016-09-11 05:52:25,,0.10000000149011612,5.300000190734863
,2017-09-19 00:21:11,,0.10000000149011612,2.5
,2016-04-22 05:45:37,,0.20000000298023224,3.4000000953674316
,2018-12-27 03:29:00,,-0.10000000149011612,2.200000047683716
,2016-12-14 04:41:00,,-0.10000000149011612,1.399999976158142
,2019-04-17 06:59:29,,0.10000000149011612,3.0999999046325684
,2018-07-31 23:11:16,,0.10000000149011612,4.0
,2017-12-10 16:01:25,,0.10000000149011612,3.5
,2016-06-28 21:47:16,,0.5,3.299999952316284
,2018-04-27 20:34:28,,0.20000000298023224,4.0
,2017-07-12 06:12:34,,0.30000001192092896,0.6000000238418579
,2019-01-03 01:39:00,,0.30000001192092896,3.0
,2018-06-01 06:26:48,,0.0,1.5
,2017-02-07 22:47:54,,0.0,2.0
,2019-01-22 05:14:46,,0.30000001192092896,2.0
,2016-01-31 01:11:36,,0.10000000149011612,1.600000023841858
,2016-12-01 23:36:00,,0.0,0.0
,2018-11-12 09:13:00,,0.10000000149011612,3.700000047683716
,2017-02-23 20:58:52,,0.0,0.800000011920929
,2017-10-31 04:58:35,,0.10000000149011612,0.30000001192092896
,2016-03-21 13:19:10,,0.20000000298023224,3.299999952316284
,2019-07-29 02:05:24,,0.20000000298023224,2.700000047683716
,2019-05-12 01:32:02,,0.10000000149011612,0.4000000059604645
,2016-12-19 23:51:48,,0.20000000298023224,1.7000000476837158
,2019-03-07 17:22:30,,0.30000001192092896,1.2999999523162842
,2019-08-12 02:40:32,,-0.30000001192092896,0.6000000238418579
,2016-08-29 12:18:21,,0.30000001192092896,2.5999999046325684
,2017-01-27 01:01:04,,0.20000000298023224,3.799999952316284
,2016-10-06 19:12:30,,0.10000000149011612,4.699999809265137
,2017-07-22 16:50:35,,0.0,3.0
,2018-03-21 16:00:08,,0.20000000298023224,0.699999988079071
,2018-01-02 21:12:29,,0.0,3.299999952316284
,2018-11-16 00:49:27,,-0.20000000298023224,2.0999999046325684
,2016-08-05 22:47:08,,0.10000000149011612,1.399999976158142
,2019-03-22 07:21:48,,-0.10000000149011612,0.800000011920929
,2017-01-19 08:18:53,,0.0,5.5
,2016-10-28 01:18:51,,0.20000000298023224,3.5999999046325684
,2016-04-01 23:40:38,,0.10000000149011612,23.700000762939453
,2017-04-05 20:12:48,,0.20000000298023224,0.6000000238418579
,2016-08-03 17:25:04,,0.0,7.300000190734863
,2016-07-06 23:46:12,,0.0,0.0
,2018-07-17 19:58:02,,0.10000000149011612,4.5
,2017-03-14 08:42:15,,0.10000000149011612,1.5
,2017-01-15 02:11:27,,0.0,2.5
,2018-01-18 06:39:37,,0.30000001192092896,2.700000047683716
,2016-06-26 17:09:28,,0.0,0.10000000149011612
,2018-03-07 10:44:59,,0.0,1.0
,2019-01-29 19:20:08,,0.10000000149011612,1.399999976158142
,2017-12-30 04:20:10,,0.30000001192092896,4.599999904632568
,2016-02-24 19:06:09,,0.0,0.6000000238418579
,2016-12-05 03:13:02,,0.0,5.199999809265137
,2016-08-03 17:34:53,,0.0,3.5999999046325684
,2017-08-17 11:12:40,,0.10000000149011612,1.7000000476837158
,2015-02-16 22:02:32,,0.20000000298023224,5.599999904632568
,2019-10-08 14:47:13,,0.0,2.200000047683716
,2019-03-21 19:53:51,,0.0,0.699999988079071
,2016-05-18 02:03:45,,0.0,1.5
,2018-10-18 17:42:42,,0.10000000149011612,2.9000000953674316
,2018-01-07 22:48:44,,0.10000000149011612,0.5
,2017-03-01 03:08:35,,0.20000000298023224,1.0
,2018-02-23 22:12:23,,0.10000000149011612,2.9000000953674316
,2016-08-18 23:46:49,,-0.5,2.299999952316284
,2016-07-07 22:01:35,,-0.4000000059604645,1.2999999523162842
,2016-08-04 01:35:04,,0.10000000149011612,1.0
,2018-04-19 14:53:58,,0.10000000149011612,1.100000023841858
,2018-06-22 04:06:42,,0.10000000149011612,4.099999904632568
,2018-08-30 17:30:11,,0.4000000059604645,2.0
,2016-09-20 04:00:37,,0.0,3.200000047683716
,2017-06-19 00:35:22,,0.10000000149011612,2.700000047683716
,2016-05-07 02:58:31,,-0.30000001192092896,1.100000023841858
,2019-10-07 23:07:46,,0.30000001192092896,1.7999999523162842
,2017-07-01 07:32:21,,-0.10000000149011612,3.9000000953674316
,2016-05-19 17:44:54,,-0.10000000149011612,5.5
,2017-03-29 01:48:00,,0.0,1.0
,2017-03-16 09:53:48,,0.4000000059604645,1.7000000476837158
,2016-08-02 20:40:10,,-0.4000000059604645,0.4000000059604645
,2016-05-20 20:27:34,,0.0,0.30000001192092896
,2016-10-10 10:39:44,,0.10000000149011612,4.300000190734863
,2018-04-17 23:26:55,,0.0,2.5999999046325684
,2016-12-07 20:48:47,,-0.20000000298023224,1.0
,2017-10-17 01:37:59,,0.4000000059604645,5.5
,2016-09-19 03:33:03,,0.0,1.399999976158142
,2017-08-02 08:49:19,,0.10000000149011612,1.600000023841858
,2017-11-14 06:57:07,,0.10000000149011612,2.0999999046325684
,2018-09-21 22:35:37,,0.0,5.900000095367432
,2019-02-14 13:22:04,,0.10000000149011612,5.099999904632568
,2018-03-21 22:53:35,,-0.10000000149011612,1.5
,2017-02-18 00:25:44,,-0.10000000149011612,3.700000047683716
,2016-06-11 20:48:07,,0.0,1.7000000476837158
,2017-04-17 04:35:07,,0.0,2.5
,2017-01-23 12:43:25,,0.20000000298023224,5.599999904632568
,2017-02-06 03:35:45,,-0.20000000298023224,1.0
,2019-02-27 23:27:59,,0.0,3.0999999046325684
,2018-10-25 01:34:47,,0.4000000059604645,0.800000011920929
,2016-09-15 22:15:08,,0.10000000149011612,1.899999976158142
,2017-01-10 00:39:58,,0.10000000149011612,3.0999999046325684
,2018-03-07 23:11:12,,0.0,2.4000000953674316
,2017-06-25 20:29:48,,0.0,1.2999999523162842
,2017-01-30 19:56:20,,0.0,3.799999952316284
,2015-11-19 04:15:44,,0.10000000149011612,3.0
,2018-09-06 19:31:33,,0.20000000298023224,3.9000000953674316
,2015-01-23 23:45:41,,0.0,2.799999952316284
,2017-03-11 07:58:30,,0.0,5.800000190734863
,2017-08-04 04:53:33,,0.20000000298023224,2.200000047683716
,2016-10-28 20:59:07,,0.0,0.0
,2017-02-08 00:51:38,,0.10000000149011612,1.899999976158142
,2017-11-08 01:00:32,,-0.20000000298023224,1.899999976158142
,2015-04-28 01:22:51,,0.0,3.0
,2016-12-05 22:12:50,,0.699999988079071,0.699999988079071
,2018-05-29 03:04:16,,0.0,7.900000095367432
,2017-01-03 18:58:59,,-0.30000001192092896,0.6000000238418579
,2019-10-12 02:30:12,,0.10000000149011612,4.900000095367432
,2019-10-22 06:38:28,,-0.10000000149011612,1.399999976158142
,2019-08-22 01:46:01,,0.0,3.200000047683716
,2019-04-06 10:21:07,,0.10000000149011612,6.199999809265137
,2018-02-04 05:46:45,,-0.5,1.100000023841858
,2019-01-03 07:42:08,,0.0,1.100000023841858
,2019-06-01 22:23:45,,0.0,1.899999976158142
,2019-09-04 01:48:26,,0.0,0.10000000149011612
,2019-04-09 22:55:12,,0.0,1.5
,2018-12-01 21:03:40,,-0.10000000149011612,0.30000001192092896
,2019-06-03 02:54:09,,-0.10000000149011612,3.4000000953674316
,2018-02-04 20:18:56,,0.0,0.0
,2019-07-24 16:45:39,,0.10000000149011612,3.5999999046325684
,2019-01-25 23:01:26,,0.0,0.800000011920929
,2017-07-01 07:54:28,,0.10000000149011612,2.0999999046325684
,2015-12-02 09:51:46,,0.0,2.5
,2019-04-13 03:36:07,,-0.30000001192092896,1.399999976158142
,2018-04-18 18:50:29,,-0.10000000149011612,0.10000000149011612
,2019-03-28 01:19:23,,0.0,0.699999988079071
,2015-06-27 22:49:29,,-0.20000000298023224,5.0
,2019-01-17 08:09:16,,-0.10000000149011612,2.700000047683716
,2016-08-17 03:03:34,,-0.6000000238418579,0.6000000238418579
,2017-08-19 00:58:14,,0.10000000149011612,2.0999999046325684
,2017-09-21 03:56:21,,0.10000000149011612,2.4000000953674316
,2017-03-16 03:58:25,,0.0,1.899999976158142
,2019-04-01 22:59:47,,-0.6000000238418579,1.2999999523162842
,2018-08-15 18:22:57,,0.0,2.5999999046325684
,2019-02-01 21:52:13,,0.10000000149011612,1.600000023841858
,2019-08-27 04:43:08,,0.0,0.800000011920929
,2019-04-19 02:50:46,,0.10000000149011612,1.2000000476837158
,2016-06-22 00:01:29,,0.30000001192092896,2.0
,2016-07-08 20:40:02,,0.10000000149011612,0.10000000149011612
,2019-08-21 00:49:55,,0.0,1.2000000476837158
,2017-04-15 18:06:33,,-0.4000000059604645,1.399999976158142
,2018-02-04 11:15:40,,-0.10000000149011612,3.0999999046325684
,2014-06-16 13:51:29,,-0.30000001192092896,0.30000001192092896
,2018-02-04 11:34:45,,-0.10000000149011612,0.8999999761581421
,2018-09-04 07:23:40,,0.10000000149011612,4.199999809265137
,2019-06-26 08:34:18,,0.0,2.4000000953674316
,2019-10-03 22:52:02,,0.0,0.800000011920929
,2018-09-18 14:36:06,,0.20000000298023224,1.7999999523162842
,2019-06-27 23:41:56,,0.0,1.100000023841858
,2017-08-02 18:08:30,,-0.10000000149011612,0.800000011920929
,2019-10-06 04:55:16,,0.0,0.699999988079071
,2017-01-18 15:54:32,,0.10000000149011612,0.10000000149011612
,2018-07-20 19:24:52,,0.0,3.0
,2019-07-07 09:41:48,,-0.4000000059604645,5.099999904632568
,2018-08-06 20:31:24,,0.0,1.7000000476837158
,2018-07-10 00:18:01,,0.0,2.5
,2019-04-15 02:11:43,,0.10000000149011612,1.0
,2018-05-15 00:13:19,,0.20000000298023224,5.5
,2017-06-17 08:09:19,,0.30000001192092896,1.0
,2018-03-21 16:03:49,,0.20000000298023224,3.0
,2019-10-05 20:19:53,,0.0,1.7000000476837158
,2018-08-19 20:15:21,,-0.10000000149011612,8.800000190734863
,2017-01-06 07:39:41,,-0.30000001192092896,2.9000000953674316
,2018-12-06 18:32:34,,0.0,2.4000000953674316
,2019-06-11 21:06:20,,0.20000000298023224,2.0999999046325684
,2017-11-01 20:29:14,,-0.10000000149011612,5.400000095367432
,2019-07-09 10:23:48,,0.0,1.2999999523162842
,2017-08-31 20:54:18,,-0.10000000149011612,2.4000000953674316
,2017-06-01 16:10:56,,-0.699999988079071,1.399999976158142
,2019-07-24 23:15:12,,0.0,1.2000000476837158
,2018-05-09 22:48:20,,-0.10000000149011612,2.0
,2019-02-18 00:50:50,,0.20000000298023224,0.5
,2019-10-08 10:00:08,,0.0,1.0
,2016-07-25 18:59:58,,0.20000000298023224,1.2999999523162842
,2017-09-26 00:30:00,,-0.30000001192092896,3.799999952316284
,2019-02-27 05:03:13,,0.0,0.800000011920929
,2018-09-27 01:34:34,,0.0,1.7999999523162842
,2016-11-23 20:24:07,,-0.10000000149011612,1.2000000476837158
,2018-10-26 23:45:22,,0.0,0.5
,2018-06-10 01:15:11,,-0.20000000298023224,1.7000000476837158
,2018-08-31 08:07:28,,0.10000000149011612,1.399999976158142
,2016-02-07 06:00:57,,-0.10000000149011612,1.7000000476837158
,2017-05-01 04:13:19,,0.0,0.0
,2018-08-15 06:45:11,,-0.20000000298023224,2.700000047683716
,2017-03-13 20:48:14,,0.0,5.800000190734863
,2019-09-01 19:18:36,,-0.20000000298023224,1.7000000476837158
,2017-11-05 12:09:53,,0.10000000149011612,1.100000023841858
,2019-07-27 00:45:03,,0.20000000298023224,4.699999809265137
,2019-01-04 22:10:00,,0.20000000298023224,0.800000011920929
,2019-01-26 07:46:15,,0.0,0.0
,2019-03-02 20:55:02,,0.0,0.4000000059604645
,2018-09-26 20:13:08,,0.10000000149011612,0.10000000149011612
,2017-11-03 23:17:53,,0.20000000298023224,6.099999904632568
,2019-10-01 09:35:11,,-0.5,1.600000023841858
,2019-08-31 18:45:41,,0.20000000298023224,1.7000000476837158
,2018-08-08 09:38:48,,-0.8999999761581421,5.400000095367432
,2018-05-26 19:50:40,,0.0,1.600000023841858
,2019-09-08 06:04:53,,-0.10000000149011612,2.5
,2019-03-10 22:17:55,,0.10000000149011612,0.800000011920929
,2018-07-25 22:29:17,,0.10000000149011612,0.20000000298023224
,2019-06-23 05:14:41,,-0.10000000149011612,0.10000000149011612
,2019-03-15 00:57:49,,-0.4000000059604645,1.7000000476837158
,2019-07-27 04:10:45,,-0.10000000149011612,0.20000000298023224
,2019-07-17 03:45:26,,0.0,0.0
,2018-05-28 00:10:01,,0.0,1.0
,2018-03-15 02:29:18,,-0.10000000149011612,1.7999999523162842
,2018-09-09 23:51:19,,-0.30000001192092896,2.200000047683716
,2019-03-06 16:05:56,,-0.10000000149011612,0.6000000238418579
,2019-07-21 05:04:57,,0.0,0.0
,2018-08-10 21:28:44,,0.0,0.10000000149011612
,2018-05-01 20:06:27,,-0.30000001192092896,0.30000001192092896
,2019-02-12 17:11:00,,-0.20000000298023224,0.4000000059604645
,2018-12-28 02:24:09,,-0.10000000149011612,1.100000023841858
,2019-08-01 07:03:50,,-0.5,1.0
,2019-03-21 03:26:58,,-0.4000000059604645,3.299999952316284
,2018-09-01 10:39:36,,0.0,1.2000000476837158
,2019-08-23 16:23:40,,-0.30000001192092896,0.6000000238418579
,2017-12-30 02:44:45,,0.10000000149011612,4.199999809265137
,2019-02-22 19:36:14,,-0.10000000149011612,0.6000000238418579
,2017-12-21 04:28:22,,-0.5,1.600000023841858
,2017-04-11 03:25:10,,0.0,0.4000000059604645
,2019-04-21 01:21:42,,0.20000000298023224,0.20000000298023224
,2017-06-10 15:52:53,,0.20000000298023224,1.399999976158142
,2018-09-17 18:37:01,,-0.4000000059604645,1.7999999523162842
,2019-07-15 22:56:10,,0.0,0.0
,2019-02-02 03:30:31,,0.0,0.699999988079071
,2018-03-27 21:00:43,,0.10000000149011612,0.30000001192092896
,2018-11-23 08:44:39,,-0.10000000149011612,1.100000023841858
,2019-10-17 12:22:38,,-0.20000000298023224,7.0
,2018-03-29 00:42:47,,0.0,3.5
,2018-11-14 16:58:28,,0.0,0.20000000298023224
,2019-06-27 08:27:06,,0.5,2.0
,2018-06-18 19:19:52,,-0.20000000298023224,0.8999999761581421
,2017-12-28 06:57:20,,0.0,2.9000000953674316
,2018-10-31 21:45:25,,0.0,2.0
,2017-12-18 07:23:34,,-0.10000000149011612,1.600000023841858
,2018-04-24 08:42:38,,-0.10000000149011612,2.4000000953674316
,2018-11-24 20:26:12,,0.10000000149011612,1.5
,2019-03-04 07:36:51,,0.30000001192092896,0.30000001192092896
,2018-09-13 21:58:46,,-0.10000000149011612,1.2999999523162842
,2019-05-16 22:43:35,,-0.800000011920929,0.800000011920929
,2019-08-03 05:45:08,,-0.8999999761581421,2.700000047683716
,2017-06-27 05:59:06,,-0.30000001192092896,1.0
,2019-08-27 04:14:51,,-0.6000000238418579,0.6000000238418579
,2018-08-22 03:06:38,,0.0,0.20000000298023224
,2019-03-09 01:16:39,,0.0,1.2000000476837158
,2019-05-20 03:33:52,,0.4000000059604645,0.4000000059604645
,2017-11-21 04:39:07,,0.20000000298023224,1.7999999523162842
,2019-06-22 06:48:31,,0.30000001192092896,1.7999999523162842
,2015-06-09 17:19:22,,0.10000000149011612,0.10000000149011612
,2018-09-23 03:06:30,,-0.30000001192092896,1.7999999523162842
,2018-03-21 22:36:09,,-0.30000001192092896,1.0
,2019-07-04 09:08:05,,-0.699999988079071,0.699999988079071
,2019-07-29 01:14:24,,0.0,0.20000000298023224
,2018-05-09 07:39:48,,0.10000000149011612,0.10000000149011612
,2019-01-28 04:34:02,,-0.10000000149011612,0.20000000298023224
,2019-06-01 02:50:46,,0.800000011920929,0.800000011920929
,2019-07-30 21:35:36,,-0.4000000059604645,3.4000000953674316
,2017-03-29 04:48:45,,0.0,0.20000000298023224
,2019-09-30 17:46:40,,-0.30000001192092896,0.30000001192092896
,2019-04-27 08:12:27,,-0.20000000298023224,0.5
,2018-08-13 18:05:10,,0.20000000298023224,0.20000000298023224
,2017-09-21 17:59:20,,0.0,0.0
,2017-04-07 00:28:37,,0.20000000298023224,0.5
,2017-05-07 06:06:47,,-0.30000001192092896,1.600000023841858
,2018-05-04 13:33:26,,-0.5,3.299999952316284
,2018-06-14 04:37:15,,0.10000000149011612,2.5999999046325684
,2018-11-02 17:40:55,,0.0,9.100000381469727
,2015-02-16 22:03:32,,0.0,0.0
,2018-03-01 22:08:24,,-0.4000000059604645,2.700000047683716
,2017-10-19 22:59:10,,0.0,3.299999952316284
,2019-10-14 19:20:22,,-0.10000000149011612,0.800000011920929
,2019-06-13 02:53:59,,0.0,0.10000000149011612
,2018-09-07 03:27:56,,0.0,0.20000000298023224
,2019-09-07 06:41:00,,0.10000000149011612,0.699999988079071
,2018-04-29 03:44:49,,0.0,1.399999976158142
,2018-11-04 19:58:04,,-0.10000000149011612,0.5
,2019-10-03 09:15:47,,0.0,0.0
,2017-05-28 06:19:04,,0.0,0.0
,2019-02-13 19:44:06,,-0.10000000149011612,0.10000000149011612
,2018-09-21 03:22:56,,-0.20000000298023224,0.20000000298023224
,2019-04-23 22:53:40,,-0.5,0.5
,2018-10-16 20:24:36,,0.8999999761581421,0.8999999761581421
,2015-10-21 16:25:08,,0.0,0.10000000149011612
,2018-08-19 19:47:29,,-0.10000000149011612,8.699999809265137
,2017-08-01 00:02:33,,0.20000000298023224,0.20000000298023224
,2018-08-21 03:56:38,,-0.10000000149011612,0.20000000298023224
,2016-12-02 00:03:58,,0.0,0.0
,2018-12-28 22:34:27,,0.4000000059604645,0.800000011920929
,2015-10-15 15:06:00,,0.4000000059604645,0.4000000059604645
,2019-09-13 09:39:07,,0.0,1.0
,2017-06-02 05:50:04,,-0.4000000059604645,6.400000095367432
,2019-07-13 07:00:03,,-0.20000000298023224,8.899999618530273
,2017-10-16 01:35:08,,-0.10000000149011612,0.800000011920929
,2018-01-16 04:51:30,,-0.5,0.5
,2018-09-21 20:53:14,,0.0,1.0
,2019-04-09 04:19:54,,0.0,0.0
,2019-06-28 16:54:38,,0.4000000059604645,0.8999999761581421
,2018-03-17 02:47:48,,-0.10000000149011612,0.5
,2018-08-16 01:14:07,,0.10000000149011612,2.4000000953674316
,2018-07-02 15:25:13,,0.0,0.699999988079071
,2018-02-02 22:43:30,,-0.20000000298023224,6.099999904632568
,2009-08-20 02:52:56,,0.30000001192092896,2.0
,2009-08-20 11:44:03,,0.20000000298023224,4.300000190734863
,2009-12-28 18:45:03,,-0.20000000298023224,0.20000000298023224
,2009-08-21 18:45:28,,-0.4000000059604645,0.800000011920929
,2009-09-03 22:01:00,,0.10000000149011612,8.699999809265137
,2009-09-18 23:45:05,,0.10000000149011612,1.2999999523162842
,2012-08-10 03:52:42,,-0.10000000149011612,7.900000095367432
,2009-08-20 02:45:48,,0.0,0.5
,2009-10-15 17:50:24,,-0.10000000149011612,0.10000000149011612
,2010-03-09 05:26:22,,-0.10000000149011612,0.699999988079071
,2010-08-20 15:48:22,,0.4000000059604645,8.5
,2013-08-06 22:49:51,,0.10000000149011612,3.4000000953674316
,2010-08-19 16:24:59,,0.20000000298023224,4.5
,2010-08-19 00:08:01,,0.0,0.0
,2009-08-22 12:43:55,,0.5,0.5
,2009-09-17 10:04:33,,0.0,0.10000000149011612
,2017-09-18 01:22:50,,-0.10000000149011612,0.800000011920929
,2019-07-15 16:30:50,,0.0,0.0
,2009-08-18 10:07:49,,0.10000000149011612,14.199999809265137
,2013-01-21 18:57:03,,0.0,0.0
,2015-07-01 17:53:20,,-0.30000001192092896,0.30000001192092896
,2019-06-12 19:31:36,,-0.10000000149011612,1.100000023841858
,2016-06-02 18:25:06,,0.30000001192092896,3.9000000953674316
,2012-03-11 06:57:25,,0.20000000298023224,1.2999999523162842
,2018-01-08 23:15:15,,-0.30000001192092896,17.0
,2018-08-09 19:38:43,,-0.10000000149011612,2.4000000953674316
,2017-04-30 19:35:14,,-0.20000000298023224,7.300000190734863
,2017-11-30 18:56:02,,-0.10000000149011612,1.0
,2016-11-29 19:55:13,,0.10000000149011612,1.899999976158142
,2010-08-19 05:01:49,,0.4000000059604645,5.699999809265137
,2011-03-10 04:30:08,,-0.5,2.0999999046325684
,2014-01-18 12:32:51,,0.0,6.800000190734863
,2015-02-28 00:31:04,,0.800000011920929,0.800000011920929
,2018-04-13 06:28:47,,0.20000000298023224,1.399999976158142
,2019-04-12 19:35:07,,0.0,2.5999999046325684
,2018-09-29 04:21:30,,-0.20000000298023224,1.0
,2011-04-27 06:12:49,,-0.30000001192092896,2.5999999046325684
,2018-02-02 22:53:29,,-0.20000000298023224,6.5
,2016-06-01 23:31:29,,-0.10000000149011612,5.400000095367432
,2019-10-21 00:04:05,,0.0,1.899999976158142
,2018-11-28 02:38:35,,-0.10000000149011612,1.0
,2015-02-01 19:09:35,,0.0,1.7999999523162842
,2018-04-19 04:39:10,,0.20000000298023224,1.7000000476837158
,2018-09-14 23:54:11,,0.0,1.899999976158142
,2013-05-18 00:32:52,,-0.20000000298023224,1.899999976158142
,2018-01-05 04:47:00,,0.0,2.799999952316284
,2015-05-15 14:57:42,,-0.10000000149011612,0.10000000149011612
,2018-01-05 04:37:09,,0.0,2.0999999046325684
,2012-10-01 07:00:36,,0.0,2.9000000953674316
,2019-09-27 02:14:31,,-0.20000000298023224,1.2999999523162842
,2013-04-16 02:10:27,,0.20000000298023224,1.7000000476837158
,2017-05-18 06:51:04,,0.0,3.9000000953674316
,2019-07-17 17:05:42,,-0.30000001192092896,4.199999809265137
,2018-08-30 17:04:12,,0.0,1.899999976158142
,2012-11-23 23:40:22,,-0.20000000298023224,0.800000011920929
,2017-06-01 20:19:57,,0.10000000149011612,7.599999904632568
,2017-04-01 19:33:06,,-0.30000001192092896,7.099999904632568
,2019-01-20 08:56:47,,0.0,3.9000000953674316
,2019-01-14 03:41:58,,0.10000000149011612,2.9000000953674316
,2014-12-28 20:52:14,,-0.30000001192092896,1.399999976158142
,2013-05-14 07:21:23,,0.0,0.10000000149011612
,2018-07-05 15:28:46,,0.10000000149011612,0.800000011920929
,2019-04-11 00:29:15,,0.5,1.0
,2019-01-20 05:46:14,,0.0,4.5
,2019-10-10 20:06:43,,-0.10000000149011612,3.9000000953674316
,2014-04-03 18:22:11,,0.10000000149011612,4.300000190734863
,2016-01-15 01:25:23,,-0.4000000059604645,3.5999999046325684
,2015-11-10 21:27:37,,-0.6000000238418579,1.899999976158142
,2015-01-09 06:57:35,,0.0,2.700000047683716
,2018-05-21 20:02:51,,0.10000000149011612,4.199999809265137
,2019-04-22 04:05:06,,0.0,1.399999976158142
,2016-12-21 01:20:14,,0.0,0.20000000298023224
,2017-08-01 03:21:59,,0.0,0.8999999761581421
,2019-07-18 08:11:38,,0.0,1.399999976158142
,2016-01-07 08:21:20,,0.0,0.20000000298023224
,2016-05-01 04:26:32,,-0.30000001192092896,1.2999999523162842
,2019-06-18 01:38:03,,0.10000000149011612,1.5
,2017-09-20 07:32:27,,0.10000000149011612,2.200000047683716
,2019-10-05 23:18:37,,-0.30000001192092896,0.30000001192092896
,2016-08-17 19:12:36,,0.0,1.2000000476837158
,2014-11-19 19:50:41,,0.8999999761581421,0.8999999761581421
,2011-05-21 03:24:28,,0.10000000149011612,3.4000000953674316
,2017-09-08 17:02:56,,-0.4000000059604645,5.800000190734863
,2016-01-08 03:12:56,,0.0,0.20000000298023224
,2014-10-02 23:11:51,,-0.10000000149011612,2.5
,2019-04-09 21:46:19,,-0.10000000149011612,2.5999999046325684
,2018-06-14 15:59:29,,0.0,1.0
,2017-06-01 00:51:13,,0.20000000298023224,6.800000190734863
,2016-06-14 08:32:09,,-0.4000000059604645,1.399999976158142
,2019-03-03 01:44:22,,0.0,80.69999694824219
,2011-03-08 16:10:14,,-0.30000001192092896,7.0
,2019-05-29 05:47:39,,0.0,2.0
,2015-01-13 05:02:08,,0.0,19.399999618530273
,2011-02-08 22:49:54,,0.20000000298023224,5.0
,2016-06-14 19:49:12,,0.4000000059604645,1.600000023841858
,2014-07-04 03:59:26,,0.20000000298023224,1.5
,2019-06-19 00:10:17,,0.10000000149011612,0.699999988079071
,2017-01-07 02:41:10,,0.0,2.0999999046325684
,2013-02-20 08:05:10,,-0.20000000298023224,2.4000000953674316
,2013-08-20 21:19:58,,0.0,0.4000000059604645
,2019-05-20 03:42:25,,0.0,0.699999988079071
,2016-06-14 18:04:54,,0.0,2.0
,2017-12-17 23:21:10,,0.0,0.20000000298023224
,2014-11-19 18:06:47,,0.0,0.0
,2013-04-01 23:40:37,,-0.20000000298023224,0.20000000298023224
,2013-04-16 17:34:03,,0.20000000298023224,2.0999999046325684
,2012-01-09 23:25:28,,-0.30000001192092896,0.6000000238418579
,2017-02-21 05:59:29,,0.20000000298023224,0.8999999761581421
,2019-02-13 03:23:07,,0.20000000298023224,2.700000047683716
,2016-02-21 20:00:22,,0.10000000149011612,4.300000190734863
,2016-07-26 06:20:18,,0.0,2.5999999046325684
,2019-07-19 01:52:38,,0.0,0.800000011920929
,2019-06-13 22:44:39,,0.0,1.7999999523162842
,2018-06-28 21:26:06,,-0.30000001192092896,0.30000001192092896
,2016-05-24 18:16:12,,0.10000000149011612,1.7000000476837158
,2012-09-14 13:41:27,,0.10000000149011612,0.10000000149011612
,2012-03-27 02:51:48,,0.30000001192092896,4.300000190734863
,2016-01-13 07:15:07,,0.10000000149011612,3.5999999046325684
,2011-06-20 20:12:18,,0.0,2.4000000953674316
,2015-01-07 18:56:55,,0.30000001192092896,0.30000001192092896
,2012-06-14 01:20:56,,0.0,1.5
,2012-06-01 23:52:39,,-0.20000000298023224,2.4000000953674316
,2019-08-27 03:37:17,,0.0,0.800000011920929
,2012-06-02 08:36:10,,-0.20000000298023224,2.799999952316284
,2016-07-02 11:41:25,,-0.10000000149011612,1.399999976158142
,2019-08-23 16:51:24,,-0.30000001192092896,0.6000000238418579
,2012-05-01 06:51:06,,0.20000000298023224,1.399999976158142
,2019-07-22 23:33:01,,0.0,1.2000000476837158
,2014-05-20 20:26:05,,0.20000000298023224,1.399999976158142
,2018-04-07 23:57:22,,0.0,2.5999999046325684
,2015-07-15 19:07:33,,0.0,2.200000047683716
,2015-07-05 11:38:25,,-0.6000000238418579,0.6000000238418579
,2015-01-22 18:42:01,,-0.10000000149011612,4.599999904632568
,2016-03-18 05:13:06,,0.4000000059604645,4.300000190734863
,2019-03-14 01:54:32,,-0.20000000298023224,1.399999976158142
,2013-01-29 02:26:41,,0.10000000149011612,2.799999952316284
,2010-08-19 21:38:33,,0.0,0.0
,2016-01-27 20:37:41,,0.5,0.5
,2017-06-02 08:44:15,,0.0,3.9000000953674316
,2012-11-29 01:34:51,,-0.30000001192092896,5.900000095367432
,2015-04-25 00:14:45,,0.4000000059604645,4.400000095367432
,2013-11-02 03:58:03,,0.4000000059604645,0.4000000059604645
,2014-08-14 04:44:52,,-0.10000000149011612,21.600000381469727
,2013-12-15 23:55:11,,0.10000000149011612,1.100000023841858
,2010-08-18 10:26:06,,0.30000001192092896,0.699999988079071
,2013-01-26 17:14:45,,0.30000001192092896,0.8999999761581421
,2011-06-18 12:25:08,,0.10000000149011612,0.10000000149011612
,2015-02-25 07:59:14,,0.0,1.5
,2011-02-16 00:08:55,,0.0,2.9000000953674316
,2008-08-05 04:07:59,,-0.10000000149011612,0.10000000149011612
,2013-10-04 11:57:51,,0.4000000059604645,2.700000047683716
,2018-06-27 21:17:45,,0.0,2.4000000953674316
,2011-04-19 03:39:46,,0.10000000149011612,1.899999976158142
,2016-01-14 20:58:22,,-0.4000000059604645,1.2000000476837158
,2015-07-11 20:41:42,,0.0,0.6000000238418579
,2013-09-04 02:11:45,,0.0,0.0
,2017-01-12 02:12:41,,0.30000001192092896,0.30000001192092896
,2008-09-08 17:55:55,,0.0,0.20000000298023224
,2013-08-06 15:35:31,,0.10000000149011612,0.10000000149011612
,2018-01-25 20:08:34,,-0.30000001192092896,2.700000047683716
,2011-01-18 18:31:58,,0.4000000059604645,3.799999952316284
,2017-04-13 00:51:58,,-0.5,0.5
,2011-10-30 05:59:29,,-0.20000000298023224,0.20000000298023224
,2011-10-04 20:47:34,,0.20000000298023224,1.2000000476837158
,2012-08-21 01:48:31,,-0.699999988079071,0.699999988079071
,2013-12-16 17:46:59,,0.4000000059604645,0.4000000059604645
